Frame_Number,Timestamp_Sec,Face_Detected,Face_Confidence,Landmarks_Detected,Landmark_Count,Pose_Estimated,Yaw_Degrees,Pitch_Degrees,Roll_Degrees,Distance_Meters,Face_Area_Percent,Proximity_Status,Looking_At_Camera,Gaze_Sustained,Gaze_Duration_Sec,Detection_Method,Processing_FPS,Frame_Time_Ms,Classification,Notes
0,1.737,Yes,0.747,Yes,6,Yes,-8.36,177.73,-2.93,5.74,0.00,NONE,Yes,No,0.00,face_yolo_mediapipe,4.5,996.9,True_Positive,
1,1.955,Yes,0.741,Yes,6,Yes,3.09,179.74,-1.91,5.74,0.00,NONE,Yes,No,1.27,face_yolo_mediapipe,7.6,41.4,True_Positive,
2,2.146,Yes,0.747,Yes,6,Yes,-8.79,-177.13,-1.51,6.00,0.00,NONE,Yes,No,1.48,face_yolo_mediapipe,9.4,41.9,True_Positive,
3,2.332,Yes,0.762,Yes,6,Yes,-7.95,178.18,-2.69,5.87,0.00,NONE,Yes,No,1.67,face_yolo_mediapipe,9.3,36.2,True_Positive,
4,2.507,Yes,0.765,Yes,6,Yes,-6.96,179.16,-1.09,5.62,0.00,NONE,Yes,No,1.86,face_yolo_mediapipe,10.3,36.4,True_Positive,
5,2.682,Yes,0.756,Yes,6,Yes,-3.33,178.11,-2.45,5.74,0.00,NONE,Yes,No,2.03,face_yolo_mediapipe,10.3,36.4,True_Positive,
6,2.856,Yes,0.762,Yes,6,Yes,5.73,-175.81,-1.87,5.87,0.00,NONE,Yes,No,2.21,face_yolo_mediapipe,10.5,36.1,True_Positive,
7,3.030,Yes,0.757,Yes,6,Yes,8.94,-174.01,1.10,5.74,0.00,NONE,Yes,No,2.38,face_yolo_mediapipe,10.3,34.7,True_Positive,
8,3.202,Yes,0.759,Yes,6,Yes,0.84,175.90,-3.04,5.74,0.00,NONE,Yes,No,2.56,face_yolo_mediapipe,10.4,34.5,True_Positive,
9,3.377,Yes,0.754,Yes,6,Yes,13.80,-179.48,1.76,6.00,0.00,NONE,Yes,No,2.73,face_yolo_mediapipe,10.1,33.9,True_Positive,
10,3.550,Yes,0.773,Yes,6,Yes,8.67,-174.76,-0.42,5.87,0.00,NONE,Yes,No,2.90,face_yolo_mediapipe,10.5,35.9,True_Positive,
11,3.725,Yes,0.772,Yes,6,Yes,4.35,-177.63,1.14,5.87,0.00,NONE,Yes,Yes,3.08,face_yolo_mediapipe,10.3,35.6,True_Positive,
12,3.892,Yes,0.758,Yes,6,Yes,6.83,-178.97,-0.76,5.62,0.00,NONE,Yes,Yes,3.25,face_yolo_mediapipe,11.1,35.7,True_Positive,
13,4.067,Yes,0.777,Yes,6,Yes,13.29,-178.92,0.32,5.87,0.00,NONE,Yes,Yes,3.42,face_yolo_mediapipe,10.2,35.4,True_Positive,
14,4.240,Yes,0.775,Yes,6,Yes,-3.48,179.13,-0.83,5.74,0.00,NONE,Yes,Yes,3.59,face_yolo_mediapipe,10.4,34.8,True_Positive,
15,4.414,Yes,0.781,Yes,6,Yes,0.01,179.17,-0.56,5.74,0.00,NONE,Yes,Yes,3.77,face_yolo_mediapipe,10.4,35.9,True_Positive,
16,4.588,Yes,0.765,Yes,6,Yes,5.50,-177.26,-0.99,5.74,0.00,NONE,Yes,Yes,3.94,face_yolo_mediapipe,10.4,35.8,True_Positive,
17,4.763,Yes,0.764,Yes,6,Yes,-13.04,-177.75,0.64,6.00,0.00,NONE,Yes,Yes,4.11,face_yolo_mediapipe,10.4,35.9,True_Positive,
18,4.937,Yes,0.752,Yes,6,Yes,-4.41,177.87,-0.40,5.87,0.00,NONE,Yes,Yes,4.29,face_yolo_mediapipe,10.3,35.5,True_Positive,
19,5.111,Yes,0.741,Yes,6,Yes,0.32,-179.33,-0.11,5.74,0.00,NONE,Yes,Yes,4.46,face_yolo_mediapipe,10.4,35.4,True_Positive,
20,5.283,Yes,0.740,Yes,6,Yes,3.58,-174.66,-0.01,5.87,0.00,NONE,Yes,Yes,4.64,face_yolo_mediapipe,10.6,35.1,True_Positive,
21,5.458,Yes,0.723,Yes,6,Yes,18.13,-176.98,1.56,6.00,0.00,NONE,Yes,Yes,4.81,face_yolo_mediapipe,10.2,35.4,True_Positive,
22,5.631,Yes,0.725,Yes,6,Yes,5.60,-178.25,-1.12,6.00,0.00,NONE,Yes,Yes,4.98,face_yolo_mediapipe,10.5,35.9,True_Positive,
23,5.804,Yes,0.716,Yes,6,Yes,3.33,-178.61,1.11,5.87,0.00,NONE,Yes,Yes,5.16,face_yolo_mediapipe,10.5,35.7,True_Positive,
24,5.973,Yes,0.711,Yes,6,Yes,1.25,-177.17,-1.25,5.87,0.00,NONE,Yes,Yes,5.33,face_yolo_mediapipe,11.1,36.0,True_Positive,
25,6.147,Yes,0.706,Yes,6,Yes,-0.85,-174.57,0.06,5.74,0.00,NONE,Yes,Yes,5.50,face_yolo_mediapipe,10.4,36.0,True_Positive,
26,6.320,Yes,0.707,Yes,6,Yes,1.05,-176.10,-0.03,5.87,0.00,NONE,Yes,Yes,5.67,face_yolo_mediapipe,10.4,35.8,True_Positive,
27,6.492,Yes,0.689,Yes,6,Yes,8.26,-171.33,0.27,5.74,0.00,NONE,Yes,Yes,5.85,face_yolo_mediapipe,10.5,34.7,True_Positive,
28,6.664,Yes,0.698,Yes,6,Yes,3.16,-172.99,0.64,5.87,0.00,NONE,Yes,Yes,6.02,face_yolo_mediapipe,10.6,35.2,True_Positive,
29,6.838,Yes,0.713,Yes,6,Yes,4.68,-171.76,1.49,5.87,0.00,NONE,Yes,Yes,6.19,face_yolo_mediapipe,10.4,35.4,True_Positive,
30,7.013,Yes,0.733,Yes,6,Yes,-2.81,-170.64,0.75,5.74,0.00,NONE,Yes,Yes,6.37,face_yolo_mediapipe,10.5,36.3,True_Positive,
31,7.186,Yes,0.744,Yes,6,Yes,16.18,-172.72,1.32,5.87,0.00,NONE,Yes,Yes,6.54,face_yolo_mediapipe,10.5,36.1,True_Positive,
32,7.359,Yes,0.755,Yes,6,Yes,17.41,-175.15,1.59,5.87,0.00,NONE,Yes,Yes,6.71,face_yolo_mediapipe,10.5,35.3,True_Positive,
33,7.534,Yes,0.746,Yes,6,Yes,-1.33,-176.35,-0.05,5.87,0.00,NONE,Yes,Yes,6.89,face_yolo_mediapipe,10.2,34.8,True_Positive,
34,7.707,Yes,0.740,Yes,6,Yes,6.80,-173.69,-1.07,5.87,0.00,NONE,Yes,Yes,7.06,face_yolo_mediapipe,10.4,35.2,True_Positive,
35,7.883,Yes,0.764,Yes,6,Yes,9.79,-168.20,1.18,5.62,0.00,NONE,Yes,Yes,7.23,face_yolo_mediapipe,10.2,35.5,True_Positive,
36,8.050,Yes,0.758,Yes,6,Yes,22.08,-174.25,0.39,6.00,0.00,NONE,No,No,0.00,face_yolo_mediapipe,11.1,35.0,True_Positive,
37,8.226,Yes,0.769,Yes,6,Yes,14.14,-169.70,1.50,5.74,0.00,NONE,Yes,No,0.00,face_yolo_mediapipe,10.2,35.8,True_Positive,
38,8.397,Yes,0.752,Yes,6,Yes,5.72,-172.07,-0.04,5.74,0.00,NONE,Yes,No,0.18,face_yolo_mediapipe,10.4,33.7,True_Positive,
39,8.571,Yes,0.769,Yes,6,Yes,0.41,-174.86,-2.07,5.74,0.00,NONE,Yes,No,0.35,face_yolo_mediapipe,10.5,35.5,True_Positive,
40,8.744,Yes,0.762,Yes,6,Yes,12.95,-170.52,-0.09,5.87,0.00,NONE,Yes,No,0.52,face_yolo_mediapipe,10.4,35.2,True_Positive,
41,8.919,Yes,0.765,Yes,6,Yes,17.31,-172.49,0.61,6.00,0.00,NONE,Yes,No,0.69,face_yolo_mediapipe,10.2,35.1,True_Positive,
42,9.091,Yes,0.758,Yes,6,Yes,15.75,-175.42,0.16,5.74,0.00,NONE,Yes,No,0.87,face_yolo_mediapipe,10.5,34.5,True_Positive,
43,9.264,Yes,0.760,Yes,6,Yes,1.31,-175.71,-1.08,5.87,0.00,NONE,Yes,No,1.04,face_yolo_mediapipe,10.5,35.4,True_Positive,
44,9.436,Yes,0.753,Yes,6,Yes,17.04,-173.34,0.81,5.87,0.00,NONE,Yes,No,1.21,face_yolo_mediapipe,10.6,35.6,True_Positive,
45,9.612,Yes,0.761,Yes,6,Yes,23.09,-177.23,0.04,5.87,0.00,NONE,No,No,0.00,face_yolo_mediapipe,10.3,35.8,True_Positive,
46,9.786,Yes,0.760,Yes,6,Yes,27.84,-179.00,-0.11,6.00,0.00,NONE,No,No,0.00,face_yolo_mediapipe,10.4,36.0,True_Positive,
47,9.957,Yes,0.733,Yes,6,Yes,41.48,-174.87,0.05,6.92,0.00,NONE,No,No,0.00,face_yolo_mediapipe,10.6,34.3,True_Positive,
48,10.123,Yes,0.725,Yes,6,Yes,43.67,177.71,-3.81,6.92,0.00,NONE,No,No,0.00,face_yolo_mediapipe,11.1,33.9,True_Positive,
49,10.295,Yes,0.698,Yes,6,Yes,47.68,-178.81,-0.53,7.30,0.00,NONE,No,No,0.00,face_yolo_mediapipe,10.4,33.7,True_Positive,
50,10.480,Yes,0.659,Yes,6,Yes,28.47,-171.03,1.61,6.14,0.00,NONE,No,No,0.00,face_yolo_mediapipe_enh3,10.5,47.2,True_Positive,
51,10.666,Yes,0.587,Yes,6,Yes,-26.61,175.58,-176.75,7.50,0.00,NONE,No,No,0.00,face_yolo_geometric,10.5,49.0,True_Positive,
52,10.906,Yes,0.677,Yes,6,Yes,-31.76,175.57,-176.10,7.94,0.00,NONE,No,No,0.00,face_yolo_geometric,10.5,102.7,True_Positive,
53,11.089,Yes,0.646,Yes,6,Yes,53.03,164.62,168.16,7.50,0.00,NONE,No,No,0.00,face_yolo_mediapipe_enh2,10.5,46.0,True_Positive,
54,11.252,Yes,0.688,Yes,6,Yes,54.76,178.64,1.46,7.50,0.00,NONE,No,No,0.00,face_yolo_mediapipe,11.4,33.9,False_Negative,
55,11.424,Yes,0.638,Yes,6,Yes,53.12,176.48,-0.70,7.30,0.00,NONE,No,No,0.00,face_yolo_mediapipe,10.5,34.0,True_Positive,
56,11.596,Yes,0.682,Yes,6,Yes,50.31,171.60,-5.24,6.92,0.00,NONE,No,No,0.00,face_yolo_mediapipe,10.5,35.5,True_Positive,
57,11.773,Yes,0.709,Yes,6,Yes,-4.52,172.23,-5.66,10.80,0.00,NONE,Yes,No,0.00,face_yolo_mediapipe_enh3,11.5,48.5,False_Negative,
58,11.947,Yes,0.694,Yes,6,Yes,12.85,-179.29,-7.91,10.80,0.00,NONE,Yes,No,0.18,face_yolo_mediapipe,10.5,35.7,True_Positive,
59,12.133,Yes,0.710,Yes,6,Yes,-29.91,175.14,-176.42,7.71,0.00,NONE,No,No,0.00,face_yolo_geometric,10.5,48.7,True_Positive,
60,12.315,Yes,0.691,Yes,6,Yes,50.90,158.67,-20.93,10.80,0.00,NONE,No,No,0.00,face_yolo_mediapipe_enh3,11.2,50.8,True_Positive,
61,12.489,Yes,0.662,Yes,6,Yes,49.57,154.79,-21.63,9.31,0.00,NONE,No,No,0.00,face_yolo_mediapipe,10.3,35.4,True_Positive,
62,12.651,Yes,0.693,Yes,6,Yes,53.76,152.78,-30.21,10.38,0.00,NONE,No,No,0.00,face_yolo_mediapipe,11.8,35.3,False_Positive,
63,12.834,Yes,0.652,Yes,6,Yes,50.51,170.85,173.79,8.44,0.00,NONE,No,No,0.00,face_yolo_mediapipe_enh2,10.4,44.2,True_Positive,
64,13.019,Yes,0.666,Yes,6,Yes,-18.70,169.06,178.27,12.86,0.00,NONE,Yes,No,0.00,face_yolo_mediapipe_enh3,10.5,48.0,True_Positive,
65,13.209,Yes,0.636,Yes,6,Yes,-29.18,175.12,-176.12,7.94,0.00,NONE,No,No,0.00,face_yolo_geometric,10.1,48.6,True_Positive,
66,13.395,Yes,0.667,Yes,6,Yes,21.76,-166.04,2.41,6.14,0.00,NONE,No,No,0.00,face_yolo_mediapipe_enh3,10.6,50.2,True_Positive,
67,13.582,Yes,0.683,Yes,6,Yes,-24.88,175.34,-176.90,7.50,0.00,NONE,No,No,0.00,face_yolo_geometric,10.3,48.2,True_Positive,
68,13.766,Yes,0.673,Yes,6,Yes,-24.90,175.34,-176.90,7.50,0.00,NONE,No,No,0.00,face_yolo_geometric,10.5,46.8,True_Positive,
69,13.956,Yes,0.666,Yes,6,Yes,-24.78,175.04,-177.03,7.30,0.00,NONE,No,No,0.00,face_yolo_geometric,10.2,50.4,True_Positive,
70,14.144,Yes,0.658,Yes,6,Yes,-24.92,175.31,-176.88,7.50,0.00,NONE,No,No,0.00,face_yolo_geometric,10.4,50.4,True_Positive,
71,14.331,Yes,0.635,Yes,6,Yes,-28.92,175.03,-176.33,7.50,0.00,NONE,No,No,0.00,face_yolo_geometric,10.5,50.4,True_Positive,
72,14.509,Yes,0.616,Yes,6,Yes,42.39,-168.75,4.99,7.11,0.00,NONE,No,No,0.00,face_yolo_mediapipe_enh2,11.2,46.3,True_Positive,
73,14.685,Yes,0.648,Yes,6,Yes,45.05,179.28,2.05,7.30,0.00,NONE,No,No,0.00,face_yolo_mediapipe,10.2,36.4,True_Positive,
74,14.860,Yes,0.668,Yes,6,Yes,45.97,179.50,1.58,7.30,0.00,NONE,No,No,0.00,face_yolo_mediapipe,10.3,35.9,True_Positive,
75,15.033,Yes,0.612,Yes,6,Yes,47.12,175.87,0.60,7.30,0.00,NONE,No,No,0.00,face_yolo_mediapipe,10.4,35.7,True_Positive,
76,15.205,Yes,0.635,Yes,6,Yes,45.69,175.91,0.01,7.30,0.00,NONE,No,No,0.00,face_yolo_mediapipe,10.6,35.6,True_Positive,
77,15.378,Yes,0.640,Yes,6,Yes,47.66,175.50,0.30,7.30,0.00,NONE,No,No,0.00,face_yolo_mediapipe,10.4,34.3,True_Positive,
78,15.551,Yes,0.673,Yes,6,Yes,47.45,174.01,-2.21,7.30,0.00,NONE,No,No,0.00,face_yolo_mediapipe,10.4,35.4,True_Positive,
79,15.723,Yes,0.663,Yes,6,Yes,47.48,175.94,-1.91,7.30,0.00,NONE,No,No,0.00,face_yolo_mediapipe,10.6,34.5,True_Positive,
80,15.896,Yes,0.671,Yes,6,Yes,45.32,171.57,-2.14,6.92,0.00,NONE,No,No,0.00,face_yolo_mediapipe,10.5,35.9,True_Positive,
81,16.070,Yes,0.654,Yes,6,Yes,47.45,173.27,-1.92,7.30,0.00,NONE,No,No,0.00,face_yolo_mediapipe,10.4,35.3,True_Positive,
82,16.242,Yes,0.628,Yes,6,Yes,45.34,176.53,-0.76,7.30,0.00,NONE,No,No,0.00,face_yolo_mediapipe,10.6,35.7,True_Positive,
83,16.414,Yes,0.608,Yes,6,Yes,44.78,179.71,0.58,7.30,0.00,NONE,No,No,0.00,face_yolo_mediapipe,10.6,35.5,True_Positive,
84,16.595,Yes,0.640,Yes,6,Yes,-6.33,168.97,-6.91,9.31,0.00,NONE,Yes,No,0.00,face_yolo_mediapipe_enh3,11.1,49.0,True_Positive,
85,16.778,Yes,0.627,Yes,6,Yes,47.77,164.98,173.11,7.30,0.00,NONE,No,No,0.00,face_yolo_mediapipe_enh2,10.4,44.3,True_Positive,
86,16.960,Yes,0.623,Yes,6,Yes,39.13,164.31,175.45,6.59,0.00,NONE,No,No,0.00,face_yolo_mediapipe_enh2,10.5,44.4,True_Positive,
87,17.142,Yes,0.665,Yes,6,Yes,45.59,176.74,-7.54,7.71,0.00,NONE,No,No,0.00,face_yolo_mediapipe_enh2,10.5,44.8,True_Positive,
88,17.316,Yes,0.689,Yes,6,Yes,46.50,169.04,-7.01,7.11,0.00,NONE,No,No,0.00,face_yolo_mediapipe,10.4,36.5,True_Positive,
89,17.503,Yes,0.720,Yes,6,Yes,-29.27,175.07,-176.46,7.30,0.00,NONE,No,No,0.00,face_yolo_geometric,10.4,48.6,True_Positive,
90,17.687,Yes,0.733,Yes,6,Yes,46.23,176.08,-1.08,7.11,0.00,NONE,No,No,0.00,face_yolo_mediapipe_enh2,10.3,45.6,True_Positive,
91,17.863,Yes,0.748,Yes,6,Yes,43.10,-179.49,0.65,7.11,0.00,NONE,No,No,0.00,face_yolo_mediapipe,10.4,35.9,True_Positive,
92,18.036,Yes,0.728,Yes,6,Yes,47.21,178.52,0.86,7.30,0.00,NONE,No,No,0.00,face_yolo_mediapipe,10.5,35.3,True_Positive,
93,18.215,Yes,0.734,Yes,6,Yes,29.98,-169.13,0.73,6.14,0.00,NONE,No,No,0.00,face_yolo_mediapipe,9.8,35.4,True_Positive,
94,18.390,Yes,0.759,Yes,6,Yes,18.38,-166.60,-0.05,6.00,0.00,NONE,Yes,No,0.00,face_yolo_mediapipe,10.3,35.9,True_Positive,
95,18.563,Yes,0.753,Yes,6,Yes,14.13,-170.25,0.23,5.87,0.00,NONE,Yes,No,0.18,face_yolo_mediapipe,10.4,34.8,True_Positive,
96,18.731,Yes,0.751,Yes,6,Yes,10.83,-171.30,-1.13,5.87,0.00,NONE,Yes,No,0.35,face_yolo_mediapipe,11.0,34.6,True_Positive,
97,18.910,Yes,0.754,Yes,6,Yes,-10.55,-169.92,-2.17,6.14,0.00,NONE,Yes,No,0.52,face_yolo_mediapipe,10.0,37.0,True_Positive,
98,19.083,Yes,0.745,Yes,6,Yes,-10.84,-170.20,-1.80,5.87,0.00,NONE,Yes,No,0.69,face_yolo_mediapipe,10.3,34.6,True_Positive,
99,19.258,Yes,0.727,Yes,6,Yes,-11.42,-172.41,-0.88,6.00,0.00,NONE,Yes,No,0.87,face_yolo_mediapipe,10.3,35.1,True_Positive,
100,19.430,Yes,0.746,Yes,6,Yes,-13.97,-174.84,-1.03,6.00,0.00,NONE,Yes,No,1.04,face_yolo_mediapipe,10.5,34.9,True_Positive,
101,19.608,Yes,0.700,Yes,6,Yes,7.85,-172.88,2.45,6.00,0.00,NONE,Yes,No,1.22,face_yolo_mediapipe,10.1,36.4,True_Positive,
102,19.783,Yes,0.684,Yes,6,Yes,8.59,-176.89,1.69,6.00,0.00,NONE,Yes,No,1.39,face_yolo_mediapipe,10.4,36.1,True_Positive,
103,19.956,Yes,0.693,Yes,6,Yes,-11.18,-173.92,-0.58,6.00,0.00,NONE,Yes,No,1.57,face_yolo_mediapipe,10.4,35.5,True_Positive,
104,20.129,Yes,0.691,Yes,6,Yes,-13.33,-173.28,-3.24,5.74,0.00,NONE,Yes,No,1.74,face_yolo_mediapipe,10.5,35.3,True_Positive,
105,20.305,Yes,0.729,Yes,6,Yes,-21.49,-172.52,-4.10,5.87,0.00,NONE,No,No,0.00,face_yolo_mediapipe,10.2,35.4,True_Positive,
106,20.479,Yes,0.776,Yes,6,Yes,-12.08,-167.24,-2.25,6.00,0.00,NONE,Yes,No,0.00,face_yolo_mediapipe,10.4,36.4,True_Positive,
107,20.652,Yes,0.759,Yes,6,Yes,1.51,-170.61,-0.18,6.00,0.00,NONE,Yes,No,0.17,face_yolo_mediapipe,10.5,35.9,True_Positive,
108,20.820,Yes,0.752,Yes,6,Yes,4.48,-172.57,0.13,5.87,0.00,NONE,Yes,No,0.35,face_yolo_mediapipe,11.1,35.9,True_Positive,
109,20.996,Yes,0.745,Yes,6,Yes,0.93,-172.25,-0.27,6.00,0.00,NONE,Yes,No,0.52,face_yolo_mediapipe,10.3,36.1,True_Positive,
110,21.166,Yes,0.764,Yes,6,Yes,-2.55,-165.51,-1.01,5.74,0.00,NONE,Yes,No,0.69,face_yolo_mediapipe,10.7,35.0,True_Positive,
111,21.339,Yes,0.752,Yes,6,Yes,0.44,-168.00,-0.39,5.87,0.00,NONE,Yes,No,0.86,face_yolo_mediapipe,10.4,34.7,True_Positive,
112,21.511,Yes,0.740,Yes,6,Yes,-9.99,-166.37,-3.64,5.87,0.00,NONE,Yes,No,1.03,face_yolo_mediapipe,10.6,35.2,True_Positive,
113,21.686,Yes,0.765,Yes,6,Yes,-1.68,-164.71,-3.29,5.87,0.00,NONE,Yes,No,1.21,face_yolo_mediapipe,10.3,35.8,True_Positive,
114,21.860,Yes,0.766,Yes,6,Yes,-11.29,-171.36,-4.29,6.00,0.00,NONE,Yes,No,1.38,face_yolo_mediapipe,10.5,35.6,True_Positive,
115,22.032,Yes,0.769,Yes,6,Yes,-0.16,-170.52,-2.25,6.00,0.00,NONE,Yes,No,1.56,face_yolo_mediapipe,10.5,34.9,True_Positive,
116,22.204,Yes,0.756,Yes,6,Yes,-4.59,-167.87,-2.60,6.00,0.00,NONE,Yes,No,1.73,face_yolo_mediapipe,10.5,35.1,True_Positive,
117,22.378,Yes,0.729,Yes,6,Yes,13.76,-169.48,-0.59,6.14,0.00,NONE,Yes,No,1.90,face_yolo_mediapipe,10.3,34.9,True_Positive,
118,22.548,Yes,0.680,Yes,6,Yes,3.63,-169.58,-1.20,5.87,0.00,NONE,Yes,No,2.07,face_yolo_mediapipe,10.6,34.2,True_Positive,
119,22.723,Yes,0.659,Yes,6,Yes,5.44,-171.37,-1.00,6.00,0.00,NONE,Yes,No,2.25,face_yolo_mediapipe,10.4,35.3,True_Positive,
120,22.890,Yes,0.703,Yes,6,Yes,-2.60,-168.54,-2.68,6.00,0.00,NONE,Yes,No,2.42,face_yolo_mediapipe,11.1,35.6,True_Positive,
121,23.066,Yes,0.746,Yes,6,Yes,4.46,-173.34,0.89,6.00,0.00,NONE,Yes,No,2.59,face_yolo_mediapipe,10.2,35.3,True_Positive,
122,23.238,Yes,0.737,Yes,6,Yes,5.69,-171.77,-0.42,6.14,0.00,NONE,Yes,No,2.76,face_yolo_mediapipe,10.4,34.6,True_Positive,
123,23.412,Yes,0.716,Yes,6,Yes,2.36,-176.26,-0.11,6.00,0.00,NONE,Yes,No,2.93,face_yolo_mediapipe,10.4,35.3,True_Positive,
124,23.584,Yes,0.741,Yes,6,Yes,-19.97,-168.63,-1.52,6.43,0.00,NONE,Yes,Yes,3.11,face_yolo_mediapipe,10.5,35.1,True_Positive,
125,23.762,Yes,0.725,Yes,6,Yes,-20.03,-174.12,-1.12,6.43,0.00,NONE,No,No,0.00,face_yolo_mediapipe,10.1,35.4,True_Positive,
126,23.932,Yes,0.727,Yes,6,Yes,-12.09,-171.02,-0.51,6.14,0.00,NONE,Yes,No,0.00,face_yolo_mediapipe,10.5,34.5,True_Positive,
127,24.107,Yes,0.743,Yes,6,Yes,-14.51,-158.72,-1.63,6.14,0.00,NONE,Yes,No,0.17,face_yolo_mediapipe,10.3,35.6,True_Positive,
128,24.280,Yes,0.744,Yes,6,Yes,-18.99,-169.08,0.28,6.14,0.00,NONE,Yes,No,0.35,face_yolo_mediapipe,10.5,35.7,True_Positive,
129,24.454,Yes,0.743,Yes,6,Yes,-12.08,-167.13,0.00,6.14,0.00,NONE,Yes,No,0.52,face_yolo_mediapipe,10.3,34.2,True_Positive,
130,24.628,Yes,0.742,Yes,6,Yes,-18.14,-165.50,-1.35,6.28,0.00,NONE,Yes,No,0.69,face_yolo_mediapipe,10.4,35.4,True_Positive,
131,24.791,Yes,0.741,Yes,6,Yes,-15.80,-163.81,-1.25,6.14,0.00,NONE,Yes,No,0.87,face_yolo_mediapipe,11.8,35.8,False_Positive,
132,24.959,Yes,0.743,Yes,6,Yes,-13.04,-168.25,-0.75,6.14,0.00,NONE,Yes,No,1.03,face_yolo_mediapipe,11.1,35.8,True_Positive,
133,25.134,Yes,0.735,Yes,6,Yes,-25.88,-168.50,0.15,6.59,0.00,NONE,No,No,0.00,face_yolo_mediapipe,10.3,35.5,True_Positive,
134,25.306,Yes,0.727,Yes,6,Yes,-9.35,-162.08,-0.14,6.14,0.00,NONE,Yes,No,0.00,face_yolo_mediapipe,10.5,34.4,True_Positive,
135,25.468,Yes,0.736,Yes,6,Yes,-6.11,-165.77,0.77,6.14,0.00,NONE,Yes,No,0.17,face_yolo_mediapipe,11.8,34.6,False_Positive,
136,25.641,Yes,0.730,Yes,6,Yes,-13.86,-167.55,-3.14,6.00,0.00,NONE,Yes,No,0.33,face_yolo_mediapipe,10.4,34.8,True_Positive,
137,25.815,Yes,0.764,Yes,6,Yes,-23.56,-169.01,-2.29,6.14,0.00,NONE,No,No,0.00,face_yolo_mediapipe,10.4,36.4,True_Positive,
138,25.989,Yes,0.767,Yes,6,Yes,-11.14,-165.15,-1.76,6.00,0.00,NONE,Yes,No,0.00,face_yolo_mediapipe,10.5,36.3,True_Positive,
139,26.151,Yes,0.762,Yes,6,Yes,0.31,-163.57,1.14,6.00,0.00,NONE,Yes,No,0.17,face_yolo_mediapipe,11.8,35.9,False_Positive,
140,26.323,Yes,0.762,Yes,6,Yes,-14.45,-170.42,-3.82,5.87,0.00,NONE,Yes,No,0.34,face_yolo_mediapipe,10.6,34.5,True_Positive,
141,26.497,Yes,0.763,Yes,6,Yes,-8.57,-169.29,-1.75,5.87,0.00,NONE,Yes,No,0.51,face_yolo_mediapipe,10.4,35.9,True_Positive,
142,26.670,Yes,0.749,Yes,6,Yes,17.59,-170.56,1.67,6.00,0.00,NONE,Yes,No,0.68,face_yolo_mediapipe,10.5,36.0,True_Positive,
143,26.842,Yes,0.758,Yes,6,Yes,-11.37,-170.16,0.35,5.87,0.00,NONE,Yes,No,0.85,face_yolo_mediapipe,10.5,36.1,True_Positive,
144,27.010,Yes,0.764,Yes,6,Yes,-10.60,-166.35,0.77,5.74,0.00,NONE,Yes,No,1.03,face_yolo_mediapipe,11.1,35.1,True_Positive,
145,27.185,Yes,0.761,Yes,6,Yes,-24.18,-168.80,0.09,6.43,0.00,NONE,No,No,0.00,face_yolo_mediapipe,10.3,36.3,True_Positive,
146,27.358,Yes,0.760,Yes,6,Yes,-23.90,-165.24,0.61,6.43,0.00,NONE,No,No,0.00,face_yolo_mediapipe,10.5,36.0,True_Positive,
147,27.532,Yes,0.747,Yes,6,Yes,-34.90,-170.28,1.38,6.59,0.00,NONE,No,No,0.00,face_yolo_mediapipe,10.4,35.6,True_Positive,
148,27.706,Yes,0.689,Yes,6,Yes,-37.21,-167.93,1.21,6.75,0.00,NONE,No,No,0.00,face_yolo_mediapipe,10.4,36.0,True_Positive,
149,27.885,Yes,0.633,Yes,6,Yes,-31.55,-171.41,1.94,6.43,0.00,NONE,No,No,0.00,face_yolo_mediapipe,10.1,36.8,True_Positive,
150,28.055,Yes,0.693,Yes,6,Yes,-42.18,-178.10,5.94,6.75,0.00,NONE,No,No,0.00,face_yolo_mediapipe,10.5,34.0,True_Positive,
151,28.229,Yes,0.705,Yes,6,Yes,-37.75,-174.29,1.40,6.75,0.00,NONE,No,No,0.00,face_yolo_mediapipe,10.4,36.1,True_Positive,
152,28.401,Yes,0.693,Yes,6,Yes,-39.42,-170.06,0.68,6.75,0.00,NONE,No,No,0.00,face_yolo_mediapipe,10.6,35.4,True_Positive,
153,28.576,Yes,0.717,Yes,6,Yes,-35.00,-167.59,2.61,6.92,0.00,NONE,No,No,0.00,face_yolo_mediapipe,10.3,35.8,True_Positive,
154,28.751,Yes,0.721,Yes,6,Yes,-48.05,167.85,-165.85,7.94,0.00,NONE,No,No,0.00,face_yolo_mediapipe,10.4,35.6,True_Positive,
155,28.925,Yes,0.710,Yes,6,Yes,-43.10,174.64,11.34,8.44,0.00,NONE,No,No,0.00,face_yolo_mediapipe,10.5,35.3,True_Positive,
156,29.091,Yes,0.702,Yes,6,Yes,-45.92,170.51,12.08,8.44,0.00,NONE,No,No,0.00,face_yolo_mediapipe,11.2,34.8,True_Positive,
157,29.267,Yes,0.705,Yes,6,Yes,-46.77,170.86,13.42,8.71,0.00,NONE,No,No,0.00,face_yolo_mediapipe,10.3,35.7,True_Positive,
158,29.438,Yes,0.699,Yes,6,Yes,-46.75,157.75,-156.38,9.31,0.00,NONE,No,No,0.00,face_yolo_mediapipe,10.6,35.5,True_Positive,
159,29.611,Yes,0.669,Yes,6,Yes,-49.26,156.00,-156.51,9.31,0.00,NONE,No,No,0.00,face_yolo_mediapipe,10.5,35.6,True_Positive,
160,29.782,Yes,0.691,Yes,6,Yes,-52.86,168.39,15.03,9.31,0.00,NONE,No,No,0.00,face_yolo_mediapipe,10.6,34.6,True_Positive,
161,29.957,Yes,0.675,Yes,6,Yes,-51.69,167.39,16.63,9.64,0.00,NONE,No,No,0.00,face_yolo_mediapipe,10.3,35.5,True_Positive,
162,30.130,Yes,0.682,Yes,6,Yes,-49.09,166.28,15.43,9.31,0.00,NONE,No,No,0.00,face_yolo_mediapipe,10.4,35.5,True_Positive,
163,30.303,Yes,0.681,Yes,6,Yes,-48.88,168.84,11.84,8.71,0.00,NONE,No,No,0.00,face_yolo_mediapipe,10.4,35.3,True_Positive,
164,30.477,Yes,0.669,Yes,6,Yes,-45.85,164.41,-161.83,8.44,0.00,NONE,No,No,0.00,face_yolo_mediapipe,10.5,35.8,True_Positive,
165,30.651,Yes,0.678,Yes,6,Yes,-42.94,-178.85,8.30,7.94,0.00,NONE,No,No,0.00,face_yolo_mediapipe,10.3,35.3,True_Positive,
166,30.822,Yes,0.698,Yes,6,Yes,-47.17,167.68,-166.63,7.94,0.00,NONE,No,No,0.00,face_yolo_mediapipe,10.7,34.8,True_Positive,
167,30.996,Yes,0.714,Yes,6,Yes,-46.13,-176.93,4.14,7.94,0.00,NONE,No,No,0.00,face_yolo_mediapipe,10.4,36.6,True_Positive,
168,31.164,Yes,0.695,Yes,6,Yes,-38.41,-170.30,1.66,7.30,0.00,NONE,No,No,0.00,face_yolo_mediapipe,11.1,35.0,True_Positive,
169,31.338,Yes,0.652,Yes,6,Yes,-34.90,-168.94,1.17,6.75,0.00,NONE,No,No,0.00,face_yolo_mediapipe,10.3,35.3,True_Positive,
170,31.511,Yes,0.710,Yes,6,Yes,-25.72,-170.73,0.54,6.14,0.00,NONE,No,No,0.00,face_yolo_mediapipe,10.4,34.6,True_Positive,
171,31.685,Yes,0.728,Yes,6,Yes,-22.28,-170.56,1.16,6.00,0.00,NONE,No,No,0.00,face_yolo_mediapipe,10.4,36.0,True_Positive,
172,31.859,Yes,0.733,Yes,6,Yes,-17.45,-166.42,0.27,6.14,0.00,NONE,Yes,No,0.00,face_yolo_mediapipe,10.4,35.5,True_Positive,
173,32.032,Yes,0.727,Yes,6,Yes,-9.01,-162.06,2.17,6.00,0.00,NONE,Yes,No,0.17,face_yolo_mediapipe,10.3,34.0,True_Positive,
174,32.203,Yes,0.742,Yes,6,Yes,-12.57,-168.40,-1.35,6.14,0.00,NONE,Yes,No,0.35,face_yolo_mediapipe,10.6,34.7,True_Positive,
175,32.377,Yes,0.745,Yes,6,Yes,-20.70,-168.68,-2.44,6.14,0.00,NONE,No,No,0.00,face_yolo_mediapipe,10.4,35.8,True_Positive,
176,32.552,Yes,0.764,Yes,6,Yes,-5.85,-166.58,-2.22,6.00,0.00,NONE,Yes,No,0.00,face_yolo_mediapipe,10.5,36.7,True_Positive,
177,32.728,Yes,0.770,Yes,6,Yes,4.87,-170.85,-1.76,5.87,0.00,NONE,Yes,No,0.17,face_yolo_mediapipe,10.1,34.9,True_Positive,
178,32.902,Yes,0.762,Yes,6,Yes,8.01,-166.06,1.97,6.00,0.00,NONE,Yes,No,0.35,face_yolo_mediapipe,10.5,35.9,True_Positive,
179,33.074,Yes,0.765,Yes,6,Yes,-3.13,-170.48,-1.69,5.87,0.00,NONE,Yes,No,0.52,face_yolo_mediapipe,10.4,35.1,True_Positive,
180,33.243,Yes,0.758,Yes,6,Yes,-11.83,-169.65,0.29,6.28,0.00,NONE,Yes,No,0.70,face_yolo_mediapipe,11.1,36.3,True_Positive,
181,33.417,Yes,0.763,Yes,6,Yes,3.37,-169.41,-0.30,6.14,0.00,NONE,Yes,No,0.87,face_yolo_mediapipe,10.3,35.5,True_Positive,
182,33.588,Yes,0.766,Yes,6,Yes,3.19,-164.32,0.25,6.14,0.00,NONE,Yes,No,1.04,face_yolo_mediapipe,10.6,34.8,True_Positive,
183,33.763,Yes,0.754,Yes,6,Yes,-2.86,-171.41,-3.08,6.00,0.00,NONE,Yes,No,1.21,face_yolo_mediapipe,10.4,36.1,True_Positive,
184,33.938,Yes,0.759,Yes,6,Yes,20.62,-170.48,2.32,6.14,0.00,NONE,No,No,0.00,face_yolo_mediapipe,10.3,35.3,True_Positive,
185,34.112,Yes,0.768,Yes,6,Yes,-13.54,-170.58,-1.92,6.00,0.00,NONE,Yes,No,0.00,face_yolo_mediapipe,10.3,35.6,True_Positive,
186,34.286,Yes,0.770,Yes,6,Yes,-16.61,-165.72,-1.47,6.14,0.00,NONE,Yes,No,0.18,face_yolo_mediapipe,10.5,35.8,True_Positive,
187,34.458,Yes,0.757,Yes,6,Yes,-16.96,-169.33,-1.53,6.00,0.00,NONE,Yes,No,0.35,face_yolo_mediapipe,10.5,34.5,True_Positive,
188,34.631,Yes,0.746,Yes,6,Yes,-6.93,-170.80,-0.30,5.74,0.00,NONE,Yes,No,0.52,face_yolo_mediapipe,10.6,36.2,True_Positive,
189,34.806,Yes,0.752,Yes,6,Yes,-3.85,-166.23,0.02,6.14,0.00,NONE,Yes,No,0.69,face_yolo_mediapipe,10.3,36.0,True_Positive,
190,34.976,Yes,0.765,Yes,6,Yes,-16.78,-169.96,-2.32,6.28,0.00,NONE,Yes,No,0.87,face_yolo_mediapipe,10.7,34.5,True_Positive,
191,35.148,Yes,0.743,Yes,6,Yes,-12.74,-163.45,-1.55,6.28,0.00,NONE,Yes,No,1.04,face_yolo_mediapipe,10.4,34.8,True_Positive,
192,35.315,Yes,0.759,Yes,6,Yes,-14.90,-164.32,-1.07,6.14,0.00,NONE,Yes,No,1.21,face_yolo_mediapipe,11.2,35.9,True_Positive,
193,35.488,Yes,0.751,Yes,6,Yes,-13.23,-163.32,-2.02,6.14,0.00,NONE,Yes,No,1.38,face_yolo_mediapipe,10.4,35.4,True_Positive,
194,35.662,Yes,0.750,Yes,6,Yes,-20.28,-166.41,-1.12,6.28,0.00,NONE,No,No,0.00,face_yolo_mediapipe,10.5,35.3,True_Positive,
195,35.836,Yes,0.750,Yes,6,Yes,-20.78,-171.27,0.20,6.28,0.00,NONE,No,No,0.00,face_yolo_mediapipe,10.6,36.7,True_Positive,
196,36.008,Yes,0.752,Yes,6,Yes,-20.90,-178.78,-176.92,6.59,0.00,NONE,No,No,0.00,face_yolo_mediapipe,10.6,35.9,True_Positive,
197,36.183,Yes,0.751,Yes,6,Yes,-15.08,-171.76,-178.83,6.14,0.00,NONE,Yes,No,0.00,face_yolo_mediapipe,10.4,36.1,True_Positive,
198,36.353,Yes,0.764,Yes,6,Yes,-11.89,-166.99,0.07,6.00,0.00,NONE,Yes,No,0.17,face_yolo_mediapipe,10.6,34.8,True_Positive,
199,36.526,Yes,0.756,Yes,6,Yes,-17.40,-165.15,-1.13,6.28,0.00,NONE,Yes,No,0.35,face_yolo_mediapipe,10.6,35.8,True_Positive,
200,36.700,Yes,0.730,Yes,6,Yes,-12.45,-160.72,-2.59,6.28,0.00,NONE,Yes,No,0.52,face_yolo_mediapipe,10.5,36.3,True_Positive,
201,36.876,Yes,0.733,Yes,6,Yes,-23.16,-163.87,-1.74,6.43,0.00,NONE,No,No,0.00,face_yolo_mediapipe,10.2,36.3,True_Positive,
202,37.050,Yes,0.748,Yes,6,Yes,-17.51,-161.63,-1.94,6.14,0.00,NONE,Yes,No,0.00,face_yolo_mediapipe,10.4,35.2,True_Positive,
203,37.224,Yes,0.744,Yes,6,Yes,-15.81,-161.85,-0.17,6.43,0.00,NONE,Yes,No,0.17,face_yolo_mediapipe,10.4,35.6,True_Positive,
204,37.393,Yes,0.770,Yes,6,Yes,-14.72,-170.70,-0.82,6.28,0.00,NONE,Yes,No,0.35,face_yolo_mediapipe,11.1,36.2,True_Positive,
205,37.570,Yes,0.755,Yes,6,Yes,-11.17,-158.53,-0.43,6.14,0.00,NONE,Yes,No,0.52,face_yolo_mediapipe,10.1,35.5,True_Positive,
206,37.741,Yes,0.745,Yes,6,Yes,1.65,-165.46,4.82,6.14,0.00,NONE,Yes,No,0.69,face_yolo_mediapipe,10.5,34.2,True_Positive,
207,37.917,Yes,0.748,Yes,6,Yes,-16.21,-161.05,-0.61,6.43,0.00,NONE,Yes,No,0.87,face_yolo_mediapipe,10.3,35.8,True_Positive,
208,38.091,Yes,0.753,Yes,6,Yes,-11.40,-163.19,0.81,6.28,0.00,NONE,Yes,No,1.04,face_yolo_mediapipe,10.5,36.2,True_Positive,
209,38.265,Yes,0.740,Yes,6,Yes,-25.67,-162.69,-0.37,6.43,0.00,NONE,No,No,0.00,face_yolo_mediapipe,10.3,34.8,True_Positive,
210,38.430,Yes,0.736,Yes,6,Yes,-27.45,-163.93,-2.40,6.59,0.00,NONE,No,No,0.00,face_yolo_mediapipe,11.6,36.1,False_Negative,
211,38.604,Yes,0.700,Yes,6,Yes,-16.91,-161.75,0.69,6.43,0.00,NONE,Yes,No,0.00,face_yolo_mediapipe,10.4,35.8,True_Positive,
212,38.777,Yes,0.723,Yes,6,Yes,-20.57,-163.61,-1.57,6.43,0.00,NONE,No,No,0.00,face_yolo_mediapipe,10.4,35.2,True_Positive,
213,38.953,Yes,0.715,Yes,6,Yes,-19.87,-162.42,-0.92,6.43,0.00,NONE,Yes,No,0.00,face_yolo_mediapipe,10.2,36.0,True_Positive,
214,39.113,Yes,0.718,Yes,6,Yes,-23.32,-166.82,-0.04,6.43,0.00,NONE,No,No,0.00,face_yolo_mediapipe,12.0,34.5,False_Negative,
215,39.286,Yes,0.708,Yes,6,Yes,-18.48,-163.28,-1.27,6.43,0.00,NONE,Yes,No,0.00,face_yolo_mediapipe,10.4,35.9,True_Positive,
216,39.454,Yes,0.698,Yes,6,Yes,-24.99,-162.88,-0.70,6.43,0.00,NONE,No,No,0.00,face_yolo_mediapipe,11.1,35.1,True_Positive,
217,39.629,Yes,0.690,Yes,6,Yes,-18.37,-171.79,-1.62,6.43,0.00,NONE,Yes,No,0.00,face_yolo_mediapipe,10.3,35.6,True_Positive,
218,39.803,Yes,0.685,Yes,6,Yes,-33.42,179.71,-175.56,6.75,0.00,NONE,No,No,0.00,face_yolo_mediapipe,10.5,36.0,True_Positive,
219,39.977,Yes,0.693,Yes,6,Yes,-39.00,-174.44,-1.89,7.11,0.00,NONE,No,No,0.00,face_yolo_mediapipe,10.4,35.8,True_Positive,
220,40.151,Yes,0.672,Yes,6,Yes,-42.33,-175.48,0.32,7.30,0.00,NONE,No,No,0.00,face_yolo_mediapipe,10.4,35.9,True_Positive,
221,40.326,Yes,0.654,Yes,6,Yes,-42.57,177.69,-175.18,7.50,0.00,NONE,No,No,0.00,face_yolo_mediapipe,10.4,35.4,True_Positive,
222,40.494,Yes,0.673,Yes,6,Yes,-36.66,-176.83,-1.39,6.59,0.00,NONE,No,No,0.00,face_yolo_mediapipe,10.7,33.1,True_Positive,
223,40.668,Yes,0.676,Yes,6,Yes,-46.29,177.79,4.41,7.71,0.00,NONE,No,No,0.00,face_yolo_mediapipe,10.5,36.6,True_Positive,
224,40.841,Yes,0.660,Yes,6,Yes,-45.65,176.58,4.09,7.71,0.00,NONE,No,No,0.00,face_yolo_mediapipe,10.5,36.1,True_Positive,
225,41.017,Yes,0.679,Yes,6,Yes,-41.57,179.66,4.18,7.30,0.00,NONE,No,No,0.00,face_yolo_mediapipe,10.3,36.4,True_Positive,
226,41.189,Yes,0.703,Yes,6,Yes,-48.19,164.20,-163.64,8.44,0.00,NONE,No,No,0.00,face_yolo_mediapipe,10.6,36.1,True_Positive,
227,41.361,Yes,0.704,Yes,6,Yes,-42.85,174.38,4.14,7.11,0.00,NONE,No,No,0.00,face_yolo_mediapipe,10.6,35.0,True_Positive,
228,41.528,Yes,0.688,Yes,6,Yes,-44.24,179.25,-1.40,7.50,0.00,NONE,No,No,0.00,face_yolo_mediapipe,11.1,35.1,True_Positive,
229,41.703,Yes,0.696,Yes,6,Yes,-39.72,-169.89,-0.94,6.92,0.00,NONE,No,No,0.00,face_yolo_mediapipe,10.4,36.3,True_Positive,
230,41.873,Yes,0.688,Yes,6,Yes,-38.30,-171.42,-2.62,6.92,0.00,NONE,No,No,0.00,face_yolo_mediapipe,10.6,34.4,True_Positive,
231,42.046,Yes,0.669,Yes,6,Yes,-40.27,-174.41,0.09,6.92,0.00,NONE,No,No,0.00,face_yolo_mediapipe,10.5,35.6,True_Positive,
232,42.219,Yes,0.674,Yes,6,Yes,-41.82,-171.59,-0.22,7.11,0.00,NONE,No,No,0.00,face_yolo_mediapipe,10.6,35.9,True_Positive,
233,42.396,Yes,0.633,Yes,6,Yes,-45.05,-178.75,5.38,7.71,0.00,NONE,No,No,0.00,face_yolo_mediapipe,10.1,35.8,True_Positive,
234,42.569,Yes,0.642,Yes,6,Yes,-38.38,-173.28,-1.74,6.75,0.00,NONE,No,No,0.00,face_yolo_mediapipe,10.5,35.8,True_Positive,
235,42.742,Yes,0.662,Yes,6,Yes,-44.40,-170.03,0.11,7.50,0.00,NONE,No,No,0.00,face_yolo_mediapipe,10.5,35.2,True_Positive,
236,42.914,Yes,0.660,Yes,6,Yes,-43.83,168.26,-170.15,7.30,0.00,NONE,No,No,0.00,face_yolo_mediapipe,10.5,35.0,True_Positive,
237,43.090,Yes,0.658,Yes,6,Yes,-45.99,-179.02,6.56,7.71,0.00,NONE,No,No,0.00,face_yolo_mediapipe,10.3,36.0,True_Positive,
238,43.261,Yes,0.658,Yes,6,Yes,-42.16,-177.83,1.00,7.50,0.00,NONE,No,No,0.00,face_yolo_mediapipe,10.5,34.6,True_Positive,
239,43.436,Yes,0.703,Yes,6,Yes,-40.51,-171.08,3.69,6.92,0.00,NONE,No,No,0.00,face_yolo_mediapipe,10.3,35.4,True_Positive,
240,43.605,Yes,0.690,Yes,6,Yes,-38.07,172.96,-170.05,7.11,0.00,NONE,No,No,0.00,face_yolo_mediapipe,11.0,35.6,True_Positive,
241,43.781,Yes,0.680,Yes,6,Yes,-24.30,173.43,-171.78,7.11,0.00,NONE,No,No,0.00,face_yolo_mediapipe,10.2,36.9,True_Positive,
242,43.957,Yes,0.644,Yes,6,Yes,-10.81,-159.78,-0.63,6.14,0.00,NONE,Yes,No,0.00,face_yolo_mediapipe,10.3,36.5,True_Positive,
243,44.131,Yes,0.731,Yes,6,Yes,10.13,-160.74,0.50,6.14,0.00,NONE,Yes,No,0.18,face_yolo_mediapipe,10.4,35.4,True_Positive,
244,44.304,Yes,0.765,Yes,6,Yes,32.38,-165.69,6.54,6.59,0.00,NONE,No,No,0.00,face_yolo_mediapipe,10.5,35.4,True_Positive,
245,44.478,Yes,0.739,Yes,6,Yes,35.40,-162.59,3.44,6.43,0.00,NONE,No,No,0.00,face_yolo_mediapipe,10.3,34.5,True_Positive,
246,44.649,Yes,0.711,Yes,6,Yes,39.36,-171.99,1.89,6.59,0.00,NONE,No,No,0.00,face_yolo_mediapipe,10.6,34.5,True_Positive,
247,44.824,Yes,0.651,Yes,6,Yes,41.05,177.05,174.27,6.92,0.00,NONE,No,No,0.00,face_yolo_mediapipe,10.4,36.8,True_Positive,
248,44.996,Yes,0.694,Yes,6,Yes,48.97,175.39,173.16,7.71,0.00,NONE,No,No,0.00,face_yolo_mediapipe,10.5,34.4,True_Positive,
249,45.171,Yes,0.690,Yes,6,Yes,51.37,177.22,-2.90,7.71,0.00,NONE,No,No,0.00,face_yolo_mediapipe,10.4,35.9,True_Positive,
250,45.346,Yes,0.693,Yes,6,Yes,-31.14,176.24,-176.55,7.50,0.00,NONE,No,No,0.00,face_yolo_geometric,11.8,48.2,False_Positive,
251,45.533,Yes,0.729,Yes,6,Yes,-25.15,175.90,-177.13,7.50,0.00,NONE,No,No,0.00,face_yolo_geometric,10.5,49.0,True_Positive,
252,45.714,Yes,0.706,Yes,6,Yes,-30.19,175.66,-176.67,7.71,0.00,NONE,No,No,0.00,face_yolo_geometric,11.1,49.4,True_Positive,
253,45.899,Yes,0.718,Yes,6,Yes,52.16,145.08,150.49,8.18,0.00,NONE,No,No,0.00,face_yolo_mediapipe_enh2,10.3,45.8,True_Positive,
254,46.083,Yes,0.691,Yes,6,Yes,-30.24,175.68,-176.68,7.71,0.00,NONE,No,No,0.00,face_yolo_geometric,10.6,47.2,True_Positive,
255,46.273,Yes,0.693,Yes,6,Yes,54.23,161.89,169.57,6.92,0.00,NONE,No,No,0.00,face_yolo_mediapipe_enh3,10.5,51.6,True_Positive,
256,46.455,Yes,0.696,Yes,6,Yes,53.15,157.77,160.36,8.18,0.00,NONE,No,No,0.00,face_yolo_mediapipe_enh2,10.5,45.1,True_Positive,
257,46.619,Yes,0.696,Yes,6,Yes,55.09,152.15,156.27,8.44,0.00,NONE,No,No,0.00,face_yolo_mediapipe,11.6,35.9,False_Positive,
258,46.793,Yes,0.694,Yes,6,Yes,9.01,-179.34,173.38,9.00,0.00,NONE,Yes,No,0.00,face_yolo_mediapipe,10.4,35.4,True_Positive,
259,46.968,Yes,0.702,Yes,6,Yes,-30.01,176.81,-176.82,7.94,0.00,NONE,No,No,0.00,face_yolo_geometric,11.9,49.2,False_Negative,
260,47.156,Yes,0.714,Yes,6,Yes,-29.98,176.78,-176.81,7.94,0.00,NONE,No,No,0.00,face_yolo_geometric,10.6,50.7,True_Positive,
261,47.347,Yes,0.700,Yes,6,Yes,-27.66,176.14,-176.90,7.94,0.00,NONE,No,No,0.00,face_yolo_geometric,10.1,50.7,True_Positive,
262,47.532,Yes,0.699,Yes,6,Yes,-34.61,-174.35,173.71,15.00,0.00,NONE,No,No,0.00,face_yolo_mediapipe_enh3,10.6,48.3,True_Positive,
263,47.704,Yes,0.651,Yes,6,Yes,-35.22,177.11,174.91,12.86,0.00,NONE,No,No,0.00,face_yolo_mediapipe,10.5,35.0,True_Positive,
264,47.887,Yes,0.680,Yes,6,Yes,-25.21,176.82,-177.15,7.50,0.00,NONE,No,No,0.00,face_yolo_geometric,11.1,50.0,True_Positive,
265,48.073,Yes,0.691,Yes,6,Yes,50.61,169.34,167.48,7.94,0.00,NONE,No,No,0.00,face_yolo_mediapipe_enh2,10.3,45.7,True_Positive,
266,48.244,Yes,0.677,Yes,6,Yes,52.22,166.75,-10.41,7.71,0.00,NONE,No,No,0.00,face_yolo_mediapipe,10.5,34.5,True_Positive,
267,48.418,Yes,0.616,Yes,6,Yes,54.73,164.59,-8.98,6.92,0.00,NONE,No,No,0.00,face_yolo_mediapipe,10.4,36.0,True_Positive,
268,48.605,Yes,0.649,Yes,6,Yes,-25.06,175.88,-177.12,7.50,0.00,NONE,No,No,0.00,face_yolo_geometric,10.5,49.8,True_Positive,
269,48.782,Yes,0.646,Yes,6,Yes,53.94,-175.69,-175.39,8.71,0.00,NONE,No,No,0.00,face_yolo_mediapipe,10.2,37.1,True_Positive,
270,48.957,Yes,0.644,Yes,6,Yes,47.26,-164.13,13.13,8.71,0.00,NONE,No,No,0.00,face_yolo_mediapipe_enh1,10.6,39.1,True_Positive,
271,49.131,Yes,0.679,Yes,6,Yes,52.22,172.34,176.61,8.44,0.00,NONE,No,No,0.00,face_yolo_mediapipe,10.5,36.0,True_Positive,
272,49.303,Yes,0.627,Yes,6,Yes,54.11,165.26,172.82,8.71,0.00,NONE,No,No,0.00,face_yolo_mediapipe,10.6,35.3,True_Positive,
273,49.477,Yes,0.660,Yes,6,Yes,50.30,178.35,0.85,9.00,0.00,NONE,No,No,0.00,face_yolo_mediapipe,10.4,35.1,True_Positive,
274,49.664,Yes,0.573,Yes,6,Yes,-17.21,175.90,-177.97,7.50,0.00,NONE,Yes,No,0.00,face_yolo_geometric,10.4,49.6,True_Positive,
275,49.854,Yes,0.634,Yes,6,Yes,-26.64,176.26,-177.15,7.30,0.00,NONE,No,No,0.00,face_yolo_geometric,10.4,51.2,True_Positive,
276,50.033,Yes,0.591,Yes,6,Yes,52.11,165.52,166.25,7.94,0.00,NONE,No,No,0.00,face_yolo_mediapipe_enh2,11.0,45.8,True_Positive,
277,50.206,Yes,0.589,Yes,6,Yes,56.35,163.83,167.34,7.71,0.00,NONE,No,No,0.00,face_yolo_mediapipe,10.3,34.3,True_Positive,
278,50.377,Yes,0.609,Yes,6,Yes,51.48,167.59,170.41,7.94,0.00,NONE,No,No,0.00,face_yolo_mediapipe,10.6,34.6,True_Positive,
279,50.551,Yes,0.656,Yes,6,Yes,49.10,178.26,0.60,7.11,0.00,NONE,No,No,0.00,face_yolo_mediapipe,10.4,35.7,True_Positive,
280,50.724,Yes,0.731,Yes,6,Yes,46.96,-177.25,3.12,7.71,0.00,NONE,No,No,0.00,face_yolo_mediapipe,10.5,36.0,True_Positive,
281,50.900,Yes,0.726,Yes,6,Yes,39.01,-170.98,7.77,6.59,0.00,NONE,No,No,0.00,face_yolo_mediapipe,10.2,35.6,True_Positive,
282,51.072,Yes,0.728,Yes,6,Yes,30.52,-167.69,7.68,6.00,0.00,NONE,No,No,0.00,face_yolo_mediapipe,10.5,35.0,True_Positive,
283,51.246,Yes,0.729,Yes,6,Yes,27.98,-166.37,6.81,6.14,0.00,NONE,No,No,0.00,face_yolo_mediapipe,10.4,36.0,True_Positive,
284,51.420,Yes,0.720,Yes,6,Yes,15.62,-162.10,3.51,6.00,0.00,NONE,Yes,No,0.00,face_yolo_mediapipe,10.5,35.0,True_Positive,
285,51.595,Yes,0.721,Yes,6,Yes,10.85,-157.51,2.24,5.87,0.00,NONE,Yes,No,0.17,face_yolo_mediapipe,10.3,35.5,True_Positive,
286,51.766,Yes,0.730,Yes,6,Yes,-7.06,-162.26,0.77,6.14,0.00,NONE,Yes,No,0.35,face_yolo_mediapipe,10.6,35.1,True_Positive,
287,51.941,Yes,0.710,Yes,6,Yes,-14.29,-166.33,-1.91,5.74,0.00,NONE,Yes,No,0.52,face_yolo_mediapipe,10.4,35.5,True_Positive,
288,52.109,Yes,0.737,Yes,6,Yes,-16.59,-173.27,-178.25,6.00,0.00,NONE,Yes,No,0.69,face_yolo_mediapipe,11.1,36.2,True_Positive,
289,52.286,Yes,0.719,Yes,6,Yes,-18.00,-164.72,1.00,6.00,0.00,NONE,Yes,No,0.86,face_yolo_mediapipe,10.1,35.2,True_Positive,
290,52.461,Yes,0.724,Yes,6,Yes,-34.52,-167.98,1.06,6.43,0.00,NONE,No,No,0.00,face_yolo_mediapipe,10.3,35.9,True_Positive,
291,52.625,Yes,0.738,Yes,6,Yes,-30.94,-171.18,1.38,6.28,0.00,NONE,No,No,0.00,face_yolo_mediapipe,11.7,35.6,False_Positive,
292,52.798,Yes,0.729,Yes,6,Yes,-30.31,-167.17,1.57,6.28,0.00,NONE,No,No,0.00,face_yolo_mediapipe,10.5,36.3,True_Positive,
293,52.974,Yes,0.724,Yes,6,Yes,-41.47,-172.45,2.11,6.92,0.00,NONE,No,No,0.00,face_yolo_mediapipe,10.2,35.4,True_Positive,
294,53.145,Yes,0.733,Yes,6,Yes,-45.09,-173.53,4.44,7.11,0.00,NONE,No,No,0.00,face_yolo_mediapipe,10.6,34.1,True_Positive,
295,53.319,Yes,0.745,Yes,6,Yes,-42.19,174.41,-166.72,7.11,0.00,NONE,No,No,0.00,face_yolo_mediapipe,10.4,35.7,True_Positive,
296,53.491,Yes,0.744,Yes,6,Yes,-38.81,167.52,-169.52,7.11,0.00,NONE,No,No,0.00,face_yolo_mediapipe,10.5,34.7,True_Positive,
297,53.666,Yes,0.733,Yes,6,Yes,-39.99,168.06,-167.95,6.92,0.00,NONE,No,No,0.00,face_yolo_mediapipe,10.3,34.7,True_Positive,
298,53.843,Yes,0.730,Yes,6,Yes,-35.63,172.64,-170.84,6.59,0.00,NONE,No,No,0.00,face_yolo_mediapipe,10.3,37.9,True_Positive,
299,54.015,Yes,0.732,Yes,6,Yes,-38.37,173.29,-172.02,7.11,0.00,NONE,No,No,0.00,face_yolo_mediapipe,10.5,35.6,True_Positive,
300,54.182,Yes,0.709,Yes,6,Yes,-29.14,-163.30,-0.13,6.14,0.00,NONE,No,No,0.00,face_yolo_mediapipe,11.2,35.9,True_Positive,
301,54.360,Yes,0.732,Yes,6,Yes,-15.08,-178.53,-175.93,5.62,0.00,NONE,Yes,No,0.00,face_yolo_mediapipe,10.3,37.2,True_Positive,
302,54.531,Yes,0.723,Yes,6,Yes,-18.24,-173.08,0.56,5.51,0.00,NONE,Yes,No,0.18,face_yolo_mediapipe,10.6,34.9,True_Positive,
303,54.705,Yes,0.733,Yes,6,Yes,-2.90,-171.61,2.74,5.51,0.00,NONE,Yes,No,0.35,face_yolo_mediapipe,10.5,36.4,True_Positive,
304,54.880,Yes,0.727,Yes,6,Yes,-4.25,-168.15,2.91,5.40,0.00,NONE,Yes,No,0.52,face_yolo_mediapipe,10.5,37.3,True_Positive,
305,55.055,Yes,0.727,Yes,6,Yes,-9.77,-167.38,-0.00,5.40,0.00,NONE,Yes,No,0.70,face_yolo_mediapipe,10.3,34.8,True_Positive,
306,55.228,Yes,0.724,Yes,6,Yes,-14.05,-176.39,0.50,5.19,0.00,NONE,Yes,No,0.87,face_yolo_mediapipe,10.4,35.4,True_Positive,
307,55.402,Yes,0.680,Yes,6,Yes,-12.24,-165.68,2.31,5.40,0.00,NONE,Yes,No,1.05,face_yolo_mediapipe,10.5,36.7,True_Positive,
308,55.575,Yes,0.711,Yes,6,Yes,-5.46,-170.01,-0.07,5.51,0.00,NONE,Yes,No,1.22,face_yolo_mediapipe,10.6,35.7,True_Positive,
309,55.750,Yes,0.685,Yes,6,Yes,11.82,-173.58,6.23,5.19,0.00,NONE,Yes,No,1.39,face_yolo_mediapipe,10.4,36.4,True_Positive,
310,55.921,Yes,0.689,Yes,6,Yes,18.94,-170.13,7.12,5.29,0.00,NONE,Yes,No,1.57,face_yolo_mediapipe,10.6,34.8,True_Positive,
311,56.094,Yes,0.715,Yes,6,Yes,21.04,-175.32,4.87,5.29,0.00,NONE,No,No,0.00,face_yolo_mediapipe,10.4,35.7,True_Positive,
312,56.263,Yes,0.715,Yes,6,Yes,17.41,-172.93,1.81,5.00,0.00,NONE,Yes,No,0.00,face_yolo_mediapipe,11.1,35.9,True_Positive,
313,56.438,Yes,0.650,Yes,6,Yes,17.07,-171.77,2.87,5.09,0.00,NONE,Yes,No,0.17,face_yolo_mediapipe,10.2,35.5,True_Positive,
314,56.614,Yes,0.735,Yes,6,Yes,14.16,-172.05,-1.21,5.51,0.00,NONE,Yes,No,0.34,face_yolo_mediapipe,10.3,36.0,True_Positive,
315,56.788,Yes,0.620,Yes,6,Yes,-25.34,175.37,-2.28,5.29,0.00,NONE,No,No,0.00,face_yolo_mediapipe,10.3,35.4,True_Positive,
316,56.962,Yes,0.697,Yes,6,Yes,-16.30,-174.48,-0.82,5.19,0.00,NONE,Yes,No,0.00,face_yolo_mediapipe,10.4,35.2,True_Positive,
317,57.139,Yes,0.647,Yes,6,Yes,-5.64,-174.00,0.40,5.00,0.00,NONE,Yes,No,0.17,face_yolo_mediapipe,10.0,35.4,True_Positive,
318,57.312,Yes,0.587,Yes,6,Yes,-5.72,-175.11,-1.07,5.09,0.00,NONE,Yes,No,0.35,face_yolo_mediapipe,10.3,34.1,True_Positive,
319,57.486,Yes,0.607,Yes,6,Yes,-6.35,-175.48,-0.79,5.00,0.00,NONE,Yes,No,0.52,face_yolo_mediapipe,10.3,34.9,True_Positive,
320,57.661,Yes,0.670,Yes,6,Yes,-13.83,-179.67,-3.01,4.91,0.00,NONE,Yes,No,0.70,face_yolo_mediapipe,10.4,35.0,True_Positive,
321,57.838,Yes,0.733,Yes,6,Yes,11.69,-172.37,0.97,5.00,0.00,NONE,Yes,No,0.87,face_yolo_mediapipe,10.1,36.5,True_Positive,
322,58.014,Yes,0.720,Yes,6,Yes,-4.80,166.53,-177.88,4.82,0.00,NONE,Yes,No,1.05,face_yolo_mediapipe,10.4,36.5,True_Positive,
323,58.189,Yes,0.740,Yes,6,Yes,-10.84,-173.44,-1.97,5.00,0.00,NONE,Yes,No,1.23,face_yolo_mediapipe,10.3,35.4,True_Positive,
324,58.355,Yes,0.739,Yes,6,Yes,13.50,171.39,178.63,5.09,0.00,NONE,Yes,No,1.40,face_yolo_mediapipe,11.1,34.9,True_Positive,
325,58.530,Yes,0.724,Yes,6,Yes,-20.31,-172.01,-4.83,5.09,0.00,NONE,No,No,0.00,face_yolo_mediapipe,10.2,34.8,True_Positive,
326,58.701,Yes,0.686,Yes,6,Yes,4.83,-170.14,0.46,4.74,0.00,NONE,Yes,No,0.00,face_yolo_mediapipe,10.5,34.0,True_Positive,
327,58.878,Yes,0.653,Yes,6,Yes,-7.18,-170.83,0.48,4.91,0.00,NONE,Yes,No,0.17,face_yolo_mediapipe,10.4,37.4,True_Positive,
328,59.050,Yes,0.642,Yes,6,Yes,-13.20,-174.78,-2.16,5.00,0.00,NONE,Yes,No,0.35,face_yolo_mediapipe,10.5,34.5,True_Positive,
329,59.225,Yes,0.699,Yes,6,Yes,-4.03,-176.74,-2.42,5.00,0.00,NONE,Yes,No,0.52,face_yolo_mediapipe,10.4,35.8,True_Positive,
330,59.400,Yes,0.664,Yes,6,Yes,8.39,-173.53,0.72,4.74,0.00,NONE,Yes,No,0.70,face_yolo_mediapipe,10.4,35.7,True_Positive,
331,59.572,Yes,0.625,Yes,6,Yes,23.80,-171.38,0.13,4.82,0.00,NONE,No,No,0.00,face_yolo_mediapipe,10.4,35.1,True_Positive,
332,59.745,Yes,0.634,Yes,6,Yes,36.30,-168.92,3.34,5.19,0.00,NONE,No,No,0.00,face_yolo_mediapipe,10.5,35.5,True_Positive,
333,59.920,Yes,0.639,Yes,6,Yes,40.71,-164.20,6.89,5.29,0.00,NONE,No,No,0.00,face_yolo_mediapipe,10.3,34.9,True_Positive,
334,60.080,Yes,0.515,Yes,6,Yes,45.66,-168.85,5.31,5.62,0.00,NONE,No,No,0.00,face_yolo_mediapipe,11.9,34.2,False_Negative,
335,60.253,Yes,0.605,Yes,6,Yes,53.76,-169.69,5.21,6.43,0.00,NONE,No,No,0.00,face_yolo_mediapipe,10.4,35.4,True_Positive,
336,60.421,Yes,0.533,Yes,6,Yes,51.70,-178.23,2.07,5.51,0.00,NONE,No,No,0.00,face_yolo_mediapipe,11.1,35.1,True_Positive,
337,60.596,Yes,0.517,Yes,6,Yes,51.76,-175.96,5.00,5.87,0.00,NONE,No,No,0.00,face_yolo_mediapipe,10.2,35.1,True_Positive,
338,60.769,Yes,0.474,Yes,6,Yes,51.24,-174.06,4.39,5.87,0.00,NONE,No,No,0.00,face_yolo_mediapipe,10.4,35.4,True_Positive,
339,60.944,Yes,0.604,Yes,6,Yes,52.57,179.24,1.68,5.74,0.00,NONE,No,No,0.00,face_yolo_mediapipe,10.4,35.6,True_Positive,
340,61.117,Yes,0.491,Yes,6,Yes,51.16,-178.24,2.38,5.74,0.00,NONE,No,No,0.00,face_yolo_mediapipe,10.5,35.7,True_Positive,
341,61.292,Yes,0.512,Yes,6,Yes,48.82,-177.27,1.25,5.87,0.00,NONE,No,No,0.00,face_yolo_mediapipe,10.4,36.2,True_Positive,
342,61.463,Yes,0.561,Yes,6,Yes,48.80,-175.42,2.76,5.74,0.00,NONE,No,No,0.00,face_yolo_mediapipe,10.6,34.7,True_Positive,
343,61.746,Yes,0.908,Yes,6,Yes,33.21,176.53,176.79,1.47,0.00,NONE,No,No,0.00,person_box_geometric,10.6,146.2,True_Positive,
344,61.977,Yes,0.911,Yes,6,Yes,-33.74,176.26,-176.73,1.46,0.00,NONE,No,No,0.00,person_box_geometric,10.5,93.5,True_Positive,
345,62.210,Yes,0.916,Yes,6,Yes,-34.79,176.30,-176.64,1.48,0.00,NONE,No,No,0.00,person_box_geometric,10.1,92.6,True_Positive,
346,62.386,Yes,0.523,Yes,6,Yes,49.75,-175.78,2.94,5.62,0.00,NONE,No,No,0.00,face_yolo_mediapipe,10.5,38.0,True_Positive,
347,62.549,Yes,0.643,Yes,6,Yes,51.85,-170.11,5.70,6.14,0.00,NONE,No,No,0.00,face_yolo_mediapipe,11.8,36.9,False_Positive,
348,62.718,Yes,0.535,Yes,6,Yes,49.63,-174.96,4.44,5.62,0.00,NONE,No,No,0.00,face_yolo_mediapipe,11.0,36.1,True_Positive,
349,62.885,Yes,0.635,Yes,6,Yes,44.76,-167.77,5.59,5.40,0.00,NONE,No,No,0.00,face_yolo_mediapipe,11.5,36.7,False_Positive,
350,63.057,Yes,0.563,Yes,6,Yes,32.46,-167.27,4.21,4.82,0.00,NONE,No,No,0.00,face_yolo_mediapipe,10.4,34.1,True_Positive,
351,63.231,Yes,0.621,Yes,6,Yes,29.87,-166.53,5.10,4.66,0.00,NONE,No,No,0.00,face_yolo_mediapipe,10.4,35.7,True_Positive,
352,63.405,Yes,0.673,Yes,6,Yes,24.60,-169.11,3.87,4.50,0.00,NONE,No,No,0.00,face_yolo_mediapipe,10.4,35.2,True_Positive,
353,63.583,Yes,0.698,Yes,6,Yes,15.32,-171.12,-0.38,4.50,0.00,NONE,Yes,No,0.00,face_yolo_mediapipe,10.2,36.2,True_Positive,
354,63.758,Yes,0.654,Yes,6,Yes,2.25,-167.40,-0.05,4.58,0.00,NONE,Yes,No,0.18,face_yolo_mediapipe,10.4,36.4,True_Positive,
355,63.933,Yes,0.697,Yes,6,Yes,-7.51,-169.18,-2.18,4.66,0.00,NONE,Yes,No,0.35,face_yolo_mediapipe,10.3,35.6,True_Positive,
356,64.112,Yes,0.676,Yes,6,Yes,-21.12,-172.17,-4.06,4.82,0.00,NONE,No,No,0.00,face_yolo_mediapipe,10.0,37.2,True_Positive,
357,64.286,Yes,0.676,Yes,6,Yes,-10.54,-173.43,-1.78,4.82,0.00,NONE,Yes,No,0.00,face_yolo_mediapipe,10.2,34.4,True_Positive,
358,64.449,Yes,0.643,Yes,6,Yes,-11.99,-169.47,-3.61,4.91,0.00,NONE,Yes,No,0.17,face_yolo_mediapipe,11.7,34.9,False_Negative,
359,64.623,Yes,0.660,Yes,6,Yes,10.56,-172.58,0.30,4.66,0.00,NONE,Yes,No,0.34,face_yolo_mediapipe,10.3,35.1,True_Positive,
360,64.791,Yes,0.652,Yes,6,Yes,-8.59,-172.33,-0.95,4.74,0.00,NONE,Yes,No,0.51,face_yolo_mediapipe,11.1,35.2,True_Positive,
361,64.967,Yes,0.678,Yes,6,Yes,-8.41,-173.62,0.61,4.74,0.00,NONE,Yes,No,0.68,face_yolo_mediapipe,10.2,36.2,True_Positive,
362,65.142,Yes,0.612,Yes,6,Yes,-14.62,-169.89,-3.20,4.74,0.00,NONE,Yes,No,0.86,face_yolo_mediapipe,10.3,35.7,True_Positive,
363,65.318,Yes,0.649,Yes,6,Yes,-16.40,-170.58,-1.61,4.74,0.00,NONE,Yes,No,1.03,face_yolo_mediapipe,10.3,37.8,True_Positive,
364,65.491,Yes,0.692,Yes,6,Yes,-24.28,-172.67,-2.88,4.82,0.00,NONE,No,No,0.00,face_yolo_mediapipe,10.4,35.0,True_Positive,
365,65.666,Yes,0.689,Yes,6,Yes,-14.14,-169.53,-2.43,4.82,0.00,NONE,Yes,No,0.00,face_yolo_mediapipe,10.2,35.4,True_Positive,
366,65.838,Yes,0.703,Yes,6,Yes,-14.81,-171.08,-2.66,4.50,0.00,NONE,Yes,No,0.18,face_yolo_mediapipe,10.5,34.6,True_Positive,
367,66.012,Yes,0.722,Yes,6,Yes,-18.62,-171.04,-2.79,4.74,0.00,NONE,Yes,No,0.35,face_yolo_mediapipe,10.4,35.1,True_Positive,
368,66.185,Yes,0.732,Yes,6,Yes,-5.38,-168.19,-1.23,4.74,0.00,NONE,Yes,No,0.52,face_yolo_mediapipe,10.5,35.6,True_Positive,
369,66.359,Yes,0.740,Yes,6,Yes,-15.03,-166.77,-1.46,4.66,0.00,NONE,Yes,No,0.69,face_yolo_mediapipe,10.3,35.2,True_Positive,
370,66.533,Yes,0.718,Yes,6,Yes,-12.20,-169.94,-2.58,4.74,0.00,NONE,Yes,No,0.87,face_yolo_mediapipe,10.4,35.1,True_Positive,
371,66.706,Yes,0.711,Yes,6,Yes,-17.46,-172.46,-2.03,4.66,0.00,NONE,Yes,No,1.04,face_yolo_mediapipe,10.4,35.1,True_Positive,
372,66.876,Yes,0.744,Yes,6,Yes,-16.59,-171.25,-2.95,4.66,0.00,NONE,Yes,No,1.22,face_yolo_mediapipe,11.1,36.8,True_Positive,
373,67.053,Yes,0.716,Yes,6,Yes,-21.99,-172.17,-2.78,4.82,0.00,NONE,No,No,0.00,face_yolo_mediapipe,10.1,35.7,True_Positive,
374,67.226,Yes,0.712,Yes,6,Yes,-22.87,-174.73,-3.17,4.82,0.00,NONE,No,No,0.00,face_yolo_mediapipe,10.4,34.6,True_Positive,
375,67.400,Yes,0.727,Yes,6,Yes,-21.10,-169.47,-3.13,4.58,0.00,NONE,No,No,0.00,face_yolo_mediapipe,10.4,35.8,True_Positive,
376,67.577,Yes,0.734,Yes,6,Yes,-18.35,-169.85,-2.35,4.50,0.00,NONE,Yes,No,0.00,face_yolo_mediapipe,10.1,36.2,True_Positive,
377,67.754,Yes,0.742,Yes,6,Yes,-19.06,-168.12,-1.67,4.50,0.00,NONE,Yes,No,0.18,face_yolo_mediapipe,10.2,35.9,True_Positive,
378,67.929,Yes,0.752,Yes,6,Yes,-18.75,-167.50,-0.42,4.43,0.00,NONE,Yes,No,0.35,face_yolo_mediapipe,10.4,35.9,True_Positive,
379,68.104,Yes,0.759,Yes,6,Yes,-17.07,-163.05,-0.12,4.43,0.00,NONE,Yes,No,0.53,face_yolo_mediapipe,10.3,35.4,True_Positive,
380,68.267,Yes,0.750,Yes,6,Yes,-21.60,-166.12,-1.09,4.50,0.00,NONE,No,No,0.00,face_yolo_mediapipe,11.7,36.6,False_Positive,
381,68.444,Yes,0.769,Yes,6,Yes,-28.51,-167.37,-1.88,4.66,0.00,NONE,No,No,0.00,face_yolo_mediapipe,10.2,36.0,True_Positive,
382,68.616,Yes,0.753,Yes,6,Yes,-25.61,-171.37,0.28,4.50,0.00,NONE,No,No,0.00,face_yolo_mediapipe,10.6,35.2,True_Positive,
383,68.791,Yes,0.754,Yes,6,Yes,-28.06,-165.26,-1.08,4.58,0.00,NONE,No,No,0.00,face_yolo_mediapipe,10.4,36.3,True_Positive,
384,68.959,Yes,0.766,Yes,6,Yes,-34.73,-169.32,-0.41,4.91,0.00,NONE,No,No,0.00,face_yolo_mediapipe,11.1,36.1,True_Positive,
385,69.136,Yes,0.746,Yes,6,Yes,-34.84,-171.00,-1.06,4.74,0.00,NONE,No,No,0.00,face_yolo_mediapipe,10.2,36.5,True_Positive,
386,69.308,Yes,0.751,Yes,6,Yes,-37.86,-165.60,-2.22,4.91,0.00,NONE,No,No,0.00,face_yolo_mediapipe,10.4,34.2,True_Positive,
387,69.483,Yes,0.752,Yes,6,Yes,-38.98,-164.81,-2.98,4.91,0.00,NONE,No,No,0.00,face_yolo_mediapipe,10.4,35.6,True_Positive,
388,69.658,Yes,0.687,Yes,6,Yes,-42.20,-167.36,-2.37,5.00,0.00,NONE,No,No,0.00,face_yolo_mediapipe,10.4,36.6,True_Positive,
389,69.825,Yes,0.736,Yes,6,Yes,-42.21,-171.17,-4.41,5.00,0.00,NONE,No,No,0.00,face_yolo_mediapipe,11.4,35.7,False_Positive,
390,69.996,Yes,0.754,Yes,6,Yes,-40.72,-167.97,-0.92,4.66,0.00,NONE,No,No,0.00,face_yolo_mediapipe,10.4,34.7,True_Positive,
391,70.170,Yes,0.745,Yes,6,Yes,-39.96,-170.14,-1.19,4.82,0.00,NONE,No,No,0.00,face_yolo_mediapipe,10.3,35.2,True_Positive,
392,70.344,Yes,0.749,Yes,6,Yes,-41.78,-164.49,-2.14,4.82,0.00,NONE,No,No,0.00,face_yolo_mediapipe,10.4,34.9,True_Positive,
393,70.518,Yes,0.742,Yes,6,Yes,-40.00,-167.63,-3.93,4.82,0.00,NONE,No,No,0.00,face_yolo_mediapipe,10.2,34.4,True_Positive,
394,70.693,Yes,0.758,Yes,6,Yes,-40.21,-165.02,-2.76,4.74,0.00,NONE,No,No,0.00,face_yolo_mediapipe,10.4,35.7,True_Positive,
395,70.869,Yes,0.747,Yes,6,Yes,-36.83,-169.44,-2.28,4.35,0.00,NONE,No,No,0.00,face_yolo_mediapipe,10.2,36.1,True_Positive,
396,71.037,Yes,0.723,Yes,6,Yes,-35.97,-169.62,-0.57,4.35,0.00,NONE,No,No,0.00,face_yolo_mediapipe,11.1,35.6,True_Positive,
397,71.213,Yes,0.747,Yes,6,Yes,-34.35,-170.04,-1.73,4.03,0.00,NONE,No,No,0.00,face_yolo_mediapipe,10.1,35.8,True_Positive,
398,71.386,Yes,0.764,Yes,6,Yes,-30.78,-169.10,-1.75,4.03,0.00,NONE,No,No,0.00,face_yolo_mediapipe,10.4,35.1,True_Positive,
399,71.560,Yes,0.765,Yes,6,Yes,-22.16,-164.83,-0.76,3.91,0.00,NONE,No,No,0.00,face_yolo_mediapipe,10.3,34.6,True_Positive,
400,71.723,Yes,0.762,Yes,6,Yes,-19.74,-164.81,-0.97,3.86,0.00,NONE,Yes,No,0.00,face_yolo_mediapipe,11.7,34.9,False_Negative,
401,71.902,Yes,0.751,Yes,6,Yes,-20.70,-165.82,-1.25,3.86,0.00,NONE,No,No,0.00,face_yolo_mediapipe,10.0,36.4,True_Positive,
402,72.077,Yes,0.740,Yes,6,Yes,-13.58,-166.06,-0.79,3.86,0.00,NONE,Yes,No,0.00,face_yolo_mediapipe,10.2,35.0,True_Positive,
403,72.253,Yes,0.757,Yes,6,Yes,-8.33,-167.45,-1.13,3.80,0.00,NONE,Yes,No,0.18,face_yolo_mediapipe,10.2,35.6,True_Positive,
404,72.426,Yes,0.763,Yes,6,Yes,-4.69,-168.91,-0.57,3.75,0.00,NONE,Yes,No,0.35,face_yolo_mediapipe,10.4,34.6,True_Positive,
405,72.603,Yes,0.752,Yes,6,Yes,-7.05,-166.91,-0.86,3.75,0.00,NONE,Yes,No,0.52,face_yolo_mediapipe,10.2,35.9,True_Positive,
406,72.775,Yes,0.776,Yes,6,Yes,-3.67,-169.04,-1.76,3.75,0.00,NONE,Yes,No,0.70,face_yolo_mediapipe,10.5,34.2,True_Positive,
407,72.948,Yes,0.768,Yes,6,Yes,-5.15,-170.22,-1.05,3.80,0.00,NONE,Yes,No,0.87,face_yolo_mediapipe,10.4,34.4,True_Positive,
408,73.116,Yes,0.774,Yes,6,Yes,-6.21,-170.85,-0.36,3.86,0.00,NONE,Yes,No,1.05,face_yolo_mediapipe,11.1,36.1,True_Positive,
409,73.292,Yes,0.759,Yes,6,Yes,-0.64,-171.36,-0.17,3.80,0.00,NONE,Yes,No,1.21,face_yolo_mediapipe,10.2,35.9,True_Positive,
410,73.466,Yes,0.763,Yes,6,Yes,1.20,-171.16,0.39,3.80,0.00,NONE,Yes,No,1.39,face_yolo_mediapipe,10.4,35.3,True_Positive,
411,73.641,Yes,0.758,Yes,6,Yes,-3.30,-173.26,-0.66,3.75,0.00,NONE,Yes,No,1.56,face_yolo_mediapipe,10.3,36.2,True_Positive,
412,73.815,Yes,0.763,Yes,6,Yes,-0.98,-172.53,-0.55,3.75,0.00,NONE,Yes,No,1.74,face_yolo_mediapipe,10.4,36.2,True_Positive,
413,73.990,Yes,0.747,Yes,6,Yes,2.52,-174.10,0.34,3.75,0.00,NONE,Yes,No,1.91,face_yolo_mediapipe,10.3,35.9,True_Positive,
414,74.161,Yes,0.740,Yes,6,Yes,5.28,-172.72,-0.22,3.80,0.00,NONE,Yes,No,2.09,face_yolo_mediapipe,10.6,34.6,True_Positive,
415,74.334,Yes,0.733,Yes,6,Yes,-3.19,-178.49,-0.93,3.75,0.00,NONE,Yes,No,2.26,face_yolo_mediapipe,10.4,35.3,True_Positive,
416,74.507,Yes,0.733,Yes,6,Yes,-1.11,-179.08,-0.27,3.75,0.00,NONE,Yes,No,2.43,face_yolo_mediapipe,10.5,35.2,True_Positive,
417,74.681,Yes,0.736,Yes,6,Yes,1.03,-176.09,0.44,3.70,0.00,NONE,Yes,No,2.60,face_yolo_mediapipe,10.3,35.0,True_Positive,
418,74.855,Yes,0.740,Yes,6,Yes,0.82,-176.50,-0.15,3.80,0.00,NONE,Yes,No,2.78,face_yolo_mediapipe,10.5,36.5,True_Positive,
419,75.029,Yes,0.746,Yes,6,Yes,-0.73,-174.19,-0.35,3.80,0.00,NONE,Yes,No,2.95,face_yolo_mediapipe,10.5,35.6,True_Positive,
420,75.197,Yes,0.730,Yes,6,Yes,-1.57,-175.98,-0.65,3.70,0.00,NONE,Yes,Yes,3.13,face_yolo_mediapipe,11.1,35.9,True_Positive,
421,75.372,Yes,0.736,Yes,6,Yes,1.10,-174.74,0.14,3.70,0.00,NONE,Yes,Yes,3.30,face_yolo_mediapipe,10.3,35.1,True_Positive,
422,75.543,Yes,0.731,Yes,6,Yes,-1.87,-176.64,-0.15,3.70,0.00,NONE,Yes,Yes,3.47,face_yolo_mediapipe,10.5,33.0,True_Positive,
423,75.718,Yes,0.757,Yes,6,Yes,0.86,-175.03,-0.52,3.75,0.00,NONE,Yes,Yes,3.64,face_yolo_mediapipe,10.3,35.0,True_Positive,
424,75.892,Yes,0.748,Yes,6,Yes,-0.49,-177.83,-0.44,3.75,0.00,NONE,Yes,Yes,3.82,face_yolo_mediapipe,10.4,35.5,True_Positive,
425,76.069,Yes,0.748,Yes,6,Yes,3.85,-172.34,0.25,3.75,0.00,NONE,Yes,Yes,3.99,face_yolo_mediapipe,10.3,36.2,True_Positive,
426,76.244,Yes,0.744,Yes,6,Yes,1.59,-175.02,-0.71,3.75,0.00,NONE,Yes,Yes,4.17,face_yolo_mediapipe,10.3,35.6,True_Positive,
427,76.418,Yes,0.754,Yes,6,Yes,-0.24,-175.09,-0.84,3.70,0.00,NONE,Yes,Yes,4.34,face_yolo_mediapipe,10.4,35.2,True_Positive,
428,76.591,Yes,0.750,Yes,6,Yes,0.59,-171.18,-0.61,3.70,0.00,NONE,Yes,Yes,4.52,face_yolo_mediapipe,10.4,35.0,True_Positive,
429,76.769,Yes,0.752,Yes,6,Yes,5.92,-169.55,1.70,3.75,0.00,NONE,Yes,Yes,4.69,face_yolo_mediapipe,10.0,36.1,True_Positive,
430,76.942,Yes,0.753,Yes,6,Yes,4.49,-171.25,0.59,3.70,0.00,NONE,Yes,Yes,4.87,face_yolo_mediapipe,10.3,34.0,True_Positive,
431,77.117,Yes,0.756,Yes,6,Yes,3.03,-171.11,0.96,3.65,0.00,NONE,Yes,Yes,5.04,face_yolo_mediapipe,10.3,35.3,True_Positive,
432,77.284,Yes,0.756,Yes,6,Yes,3.95,-172.17,0.97,3.75,0.00,NONE,Yes,Yes,5.22,face_yolo_mediapipe,11.1,34.5,True_Positive,
433,77.460,Yes,0.758,Yes,6,Yes,1.72,-168.33,0.91,3.75,0.00,NONE,Yes,Yes,5.38,face_yolo_mediapipe,10.2,35.2,True_Positive,
434,77.635,Yes,0.751,Yes,6,Yes,0.41,-168.90,0.22,3.75,0.00,NONE,Yes,Yes,5.56,face_yolo_mediapipe,10.4,35.6,True_Positive,
435,77.808,Yes,0.746,Yes,6,Yes,-6.42,-173.57,-0.64,3.75,0.00,NONE,Yes,Yes,5.73,face_yolo_mediapipe,10.3,34.1,True_Positive,
436,77.982,Yes,0.737,Yes,6,Yes,6.65,-167.70,2.27,3.75,0.00,NONE,Yes,Yes,5.91,face_yolo_mediapipe,10.4,34.9,True_Positive,
437,78.159,Yes,0.706,Yes,6,Yes,2.05,-169.05,1.39,3.70,0.00,NONE,Yes,Yes,6.08,face_yolo_mediapipe,10.1,35.6,True_Positive,
438,78.330,Yes,0.684,Yes,6,Yes,-5.26,-171.69,0.32,3.75,0.00,NONE,Yes,Yes,6.26,face_yolo_mediapipe,10.5,34.0,True_Positive,
439,78.505,Yes,0.721,Yes,6,Yes,-3.20,-169.87,0.35,3.75,0.00,NONE,Yes,Yes,6.43,face_yolo_mediapipe,10.3,35.8,True_Positive,
440,78.679,Yes,0.719,Yes,6,Yes,-9.68,-170.86,0.29,3.70,0.00,NONE,Yes,Yes,6.60,face_yolo_mediapipe,10.4,36.2,True_Positive,
441,78.857,Yes,0.723,Yes,6,Yes,-4.04,-167.94,1.17,3.75,0.00,NONE,Yes,Yes,6.78,face_yolo_mediapipe,10.0,36.0,True_Positive,
442,79.032,Yes,0.722,Yes,6,Yes,-7.11,-164.96,-0.27,3.65,0.00,NONE,Yes,Yes,6.96,face_yolo_mediapipe,10.4,36.3,True_Positive,
443,79.207,Yes,0.732,Yes,6,Yes,-5.98,-163.31,-0.19,3.65,0.00,NONE,Yes,Yes,7.13,face_yolo_mediapipe,10.4,36.0,True_Positive,
444,79.375,Yes,0.746,Yes,6,Yes,-6.44,-166.86,-0.41,3.70,0.00,NONE,Yes,Yes,7.30,face_yolo_mediapipe,11.1,35.1,True_Positive,
445,79.550,Yes,0.738,Yes,6,Yes,-4.13,-163.43,-0.22,3.65,0.00,NONE,Yes,Yes,7.47,face_yolo_mediapipe,10.2,35.7,True_Positive,
446,79.723,Yes,0.737,Yes,6,Yes,-4.31,-166.64,-0.73,3.60,0.00,NONE,Yes,Yes,7.65,face_yolo_mediapipe,10.4,34.5,True_Positive,
447,79.896,Yes,0.734,Yes,6,Yes,-4.14,-165.61,-0.53,3.51,0.00,NONE,Yes,Yes,7.82,face_yolo_mediapipe,10.4,34.8,True_Positive,
448,80.070,Yes,0.735,Yes,6,Yes,-4.22,-162.99,-0.28,3.51,0.00,NONE,Yes,Yes,7.99,face_yolo_mediapipe,10.5,35.7,True_Positive,
449,80.245,Yes,0.738,Yes,6,Yes,-7.07,-163.51,-1.39,3.55,0.00,NONE,Yes,Yes,8.17,face_yolo_mediapipe,10.3,34.8,True_Positive,
450,80.419,Yes,0.712,Yes,6,Yes,-12.75,-166.56,-2.05,3.51,0.00,NONE,Yes,Yes,8.34,face_yolo_mediapipe,10.4,35.5,True_Positive,
451,80.594,Yes,0.714,Yes,6,Yes,-7.86,-166.71,-1.32,3.46,0.00,NONE,Yes,Yes,8.52,face_yolo_mediapipe,10.4,35.8,True_Positive,
452,80.768,Yes,0.688,Yes,6,Yes,-14.17,-167.37,-2.64,3.42,0.00,NONE,Yes,Yes,8.69,face_yolo_mediapipe,10.4,35.9,True_Positive,
453,80.943,Yes,0.722,Yes,6,Yes,-14.12,-169.13,-2.81,3.33,0.00,NONE,Yes,Yes,8.87,face_yolo_mediapipe,10.2,34.7,True_Positive,
454,81.114,Yes,0.755,Yes,6,Yes,-9.30,-165.65,-1.51,3.33,0.00,NONE,Yes,Yes,9.04,face_yolo_mediapipe,10.5,34.3,True_Positive,
455,81.290,Yes,0.774,Yes,6,Yes,-0.93,-161.77,-1.06,3.29,0.00,NONE,Yes,Yes,9.21,face_yolo_mediapipe,10.4,36.4,True_Positive,
456,81.458,Yes,0.773,Yes,6,Yes,-9.15,-165.76,-2.11,3.25,0.00,NONE,Yes,Yes,9.39,face_yolo_mediapipe,11.0,35.5,True_Positive,
457,81.636,Yes,0.792,Yes,6,Yes,-3.17,-158.41,-2.45,3.14,0.00,NONE,Yes,Yes,9.56,face_yolo_mediapipe,10.0,35.8,True_Positive,
458,81.813,Yes,0.749,Yes,6,Yes,-8.91,-161.59,-4.24,3.18,0.00,NONE,Yes,Yes,9.73,face_yolo_mediapipe,10.2,36.7,True_Positive,
459,81.989,Yes,0.743,Yes,6,Yes,-13.24,-164.54,-5.49,3.18,0.00,NONE,Yes,Yes,9.91,face_yolo_mediapipe,10.3,36.6,True_Positive,
460,82.165,Yes,0.747,Yes,6,Yes,-13.37,-164.95,-6.33,3.10,0.00,NONE,Yes,Yes,10.09,face_yolo_mediapipe,10.3,36.0,True_Positive,
461,82.341,Yes,0.769,Yes,6,Yes,-6.13,-164.41,-5.79,3.07,0.00,NONE,Yes,Yes,10.26,face_yolo_mediapipe,10.1,35.3,True_Positive,
462,82.515,Yes,0.751,Yes,6,Yes,-14.20,-163.65,-7.67,3.14,0.00,NONE,Yes,Yes,10.44,face_yolo_mediapipe,10.4,35.0,True_Positive,
463,82.691,Yes,0.770,Yes,6,Yes,-6.13,-159.87,-6.48,3.00,0.00,NONE,Yes,Yes,10.61,face_yolo_mediapipe,10.3,36.4,True_Positive,
464,82.866,Yes,0.768,Yes,6,Yes,-13.50,-161.38,-8.03,2.97,0.00,NONE,Yes,Yes,10.79,face_yolo_mediapipe,10.3,35.7,True_Positive,
465,83.042,Yes,0.765,Yes,6,Yes,-15.43,-159.31,-8.20,3.03,0.00,NONE,Yes,Yes,10.96,face_yolo_mediapipe,10.1,34.8,True_Positive,
466,83.217,Yes,0.747,Yes,6,Yes,-11.05,-159.59,-6.79,2.97,0.00,NONE,Yes,Yes,11.14,face_yolo_mediapipe,10.3,35.6,True_Positive,
467,83.393,Yes,0.782,Yes,6,Yes,-10.98,-157.69,-6.91,2.93,0.00,NONE,Yes,Yes,11.32,face_yolo_mediapipe,10.3,36.1,True_Positive,
468,83.561,Yes,0.781,Yes,6,Yes,-8.70,-158.59,-6.76,2.97,0.00,NONE,Yes,Yes,11.49,face_yolo_mediapipe,11.0,34.9,True_Positive,
469,83.738,Yes,0.788,Yes,6,Yes,-14.61,-157.24,-7.60,2.87,0.00,NONE,Yes,Yes,11.66,face_yolo_mediapipe,10.1,35.7,True_Positive,
470,83.912,Yes,0.798,Yes,6,Yes,-12.33,-155.83,-7.43,2.90,0.00,NONE,Yes,Yes,11.84,face_yolo_mediapipe,10.5,35.6,True_Positive,
471,84.085,Yes,0.784,Yes,6,Yes,-16.57,-157.33,-8.26,2.93,0.00,NONE,Yes,Yes,12.01,face_yolo_mediapipe,10.3,33.7,True_Positive,
472,84.259,Yes,0.773,Yes,6,Yes,-16.49,-159.43,-7.80,2.93,0.00,NONE,Yes,Yes,12.18,face_yolo_mediapipe,10.4,35.0,True_Positive,
473,84.435,Yes,0.770,Yes,6,Yes,-15.52,-157.59,-7.31,2.90,0.00,NONE,Yes,Yes,12.36,face_yolo_mediapipe,10.2,35.4,True_Positive,
474,84.610,Yes,0.777,Yes,6,Yes,-12.96,-160.46,-6.56,2.90,0.00,NONE,Yes,Yes,12.53,face_yolo_mediapipe,10.3,36.1,True_Positive,
475,84.784,Yes,0.777,Yes,6,Yes,-11.12,-159.84,-6.84,2.84,0.00,NONE,Yes,Yes,12.71,face_yolo_mediapipe,10.3,34.6,True_Positive,
476,84.958,Yes,0.782,Yes,6,Yes,-10.33,-159.28,-6.67,2.84,0.00,NONE,Yes,Yes,12.88,face_yolo_mediapipe,10.3,35.4,True_Positive,
477,85.135,Yes,0.776,Yes,6,Yes,-6.99,-161.44,-6.01,2.84,0.00,NONE,Yes,Yes,13.06,face_yolo_mediapipe,10.2,36.6,True_Positive,
478,85.308,Yes,0.773,Yes,6,Yes,-6.73,-161.51,-6.66,2.81,0.00,NONE,Yes,Yes,13.23,face_yolo_mediapipe,10.5,34.7,True_Positive,
479,85.483,Yes,0.783,Yes,6,Yes,-7.84,-161.30,-6.81,2.84,0.00,NONE,Yes,Yes,13.41,face_yolo_mediapipe,10.3,35.5,True_Positive,
480,85.651,Yes,0.795,Yes,6,Yes,-4.25,-163.96,-6.30,2.81,0.00,NONE,Yes,Yes,13.58,face_yolo_mediapipe,11.0,34.8,True_Positive,
481,85.826,Yes,0.787,Yes,6,Yes,-2.49,-165.98,-5.05,2.81,0.00,NONE,Yes,Yes,13.75,face_yolo_mediapipe,10.2,34.9,True_Positive,
482,86.003,Yes,0.785,Yes,6,Yes,-4.73,-165.40,-5.29,2.90,0.00,NONE,Yes,Yes,13.92,face_yolo_mediapipe,10.2,35.9,True_Positive,
483,86.178,Yes,0.792,Yes,6,Yes,1.09,-165.93,-3.84,2.87,0.00,NONE,Yes,Yes,14.10,face_yolo_mediapipe,10.2,35.1,True_Positive,
484,86.353,Yes,0.782,Yes,6,Yes,-2.96,-164.89,-5.10,2.87,0.00,NONE,Yes,Yes,14.28,face_yolo_mediapipe,10.3,35.2,True_Positive,
485,86.533,Yes,0.815,Yes,6,Yes,-0.28,-164.57,-3.12,2.84,0.00,NONE,Yes,Yes,14.45,face_yolo_mediapipe,9.8,35.0,True_Positive,
486,86.707,Yes,0.792,Yes,6,Yes,0.76,-166.94,-2.29,2.87,0.00,NONE,Yes,Yes,14.63,face_yolo_mediapipe,10.2,34.3,True_Positive,
487,86.884,Yes,0.779,Yes,6,Yes,-6.59,-168.85,-3.32,2.84,0.00,NONE,Yes,Yes,14.81,face_yolo_mediapipe,10.1,35.8,True_Positive,
488,87.059,Yes,0.788,Yes,6,Yes,-6.22,-169.94,-2.13,2.84,0.00,NONE,Yes,Yes,14.98,face_yolo_mediapipe,10.2,35.2,True_Positive,
489,87.237,Yes,0.792,Yes,6,Yes,-1.75,-166.06,-1.17,2.87,0.00,NONE,Yes,Yes,15.16,face_yolo_mediapipe,9.9,34.8,True_Positive,
490,87.414,Yes,0.795,Yes,6,Yes,-4.17,-169.75,-0.78,2.84,0.00,NONE,Yes,Yes,15.34,face_yolo_mediapipe,10.1,35.5,True_Positive,
491,87.590,Yes,0.791,Yes,6,Yes,-3.68,-168.40,-0.29,2.87,0.00,NONE,Yes,Yes,15.51,face_yolo_mediapipe,10.2,35.2,True_Positive,
492,87.761,Yes,0.784,Yes,6,Yes,-9.10,-169.26,-1.01,2.84,0.00,NONE,Yes,Yes,15.69,face_yolo_mediapipe,10.9,36.3,True_Positive,
493,87.939,Yes,0.775,Yes,6,Yes,-3.12,-167.22,1.08,2.90,0.00,NONE,Yes,Yes,15.86,face_yolo_mediapipe,10.1,35.6,True_Positive,
494,88.113,Yes,0.762,Yes,6,Yes,-5.27,-169.04,0.96,2.84,0.00,NONE,Yes,Yes,16.04,face_yolo_mediapipe,10.3,34.6,True_Positive,
495,88.288,Yes,0.756,Yes,6,Yes,-9.76,-168.88,-0.41,2.84,0.00,NONE,Yes,Yes,16.21,face_yolo_mediapipe,10.3,35.3,True_Positive,
496,88.463,Yes,0.756,Yes,6,Yes,-6.15,-171.03,0.90,2.81,0.00,NONE,Yes,Yes,16.39,face_yolo_mediapipe,10.2,33.9,True_Positive,
497,88.640,Yes,0.767,Yes,6,Yes,-6.61,-169.77,1.17,2.87,0.00,NONE,Yes,Yes,16.56,face_yolo_mediapipe,10.0,35.0,True_Positive,
498,88.817,Yes,0.757,Yes,6,Yes,-7.45,-168.84,1.02,2.84,0.00,NONE,Yes,Yes,16.74,face_yolo_mediapipe,10.2,35.5,True_Positive,
499,88.993,Yes,0.772,Yes,6,Yes,-5.58,-168.10,2.03,2.81,0.00,NONE,Yes,Yes,16.91,face_yolo_mediapipe,10.3,36.0,True_Positive,
500,89.170,Yes,0.784,Yes,6,Yes,-7.98,-167.45,1.93,2.84,0.00,NONE,Yes,Yes,17.09,face_yolo_mediapipe,10.1,35.9,True_Positive,
501,89.347,Yes,0.766,Yes,6,Yes,-10.80,-170.88,2.31,2.81,0.00,NONE,Yes,Yes,17.27,face_yolo_mediapipe,10.0,35.8,True_Positive,
502,89.521,Yes,0.766,Yes,6,Yes,-13.52,-167.37,1.50,2.84,0.00,NONE,Yes,Yes,17.45,face_yolo_mediapipe,10.3,34.3,True_Positive,
503,89.698,Yes,0.727,Yes,6,Yes,-16.71,-166.09,1.16,2.87,0.00,NONE,Yes,Yes,17.62,face_yolo_mediapipe,10.2,36.2,True_Positive,
504,89.866,Yes,0.758,Yes,6,Yes,-15.09,-165.56,1.47,2.84,0.00,NONE,Yes,Yes,17.80,face_yolo_mediapipe,11.0,34.0,True_Positive,
505,90.041,Yes,0.740,Yes,6,Yes,-16.67,-165.08,1.67,2.93,0.00,NONE,Yes,Yes,17.96,face_yolo_mediapipe,10.1,34.5,True_Positive,
506,90.216,Yes,0.746,Yes,6,Yes,-17.59,-164.04,1.38,2.93,0.00,NONE,Yes,Yes,18.14,face_yolo_mediapipe,10.2,34.9,True_Positive,
507,90.393,Yes,0.746,Yes,6,Yes,-19.35,-165.35,0.94,2.93,0.00,NONE,Yes,Yes,18.31,face_yolo_mediapipe,10.1,35.4,True_Positive,
508,90.559,Yes,0.758,Yes,6,Yes,-20.02,-166.22,0.79,2.90,0.00,NONE,No,No,0.00,face_yolo_mediapipe,11.4,35.6,False_Positive,
509,90.737,Yes,0.790,Yes,6,Yes,-19.70,-164.74,1.33,2.97,0.00,NONE,Yes,No,0.00,face_yolo_mediapipe,10.0,35.2,True_Positive,
510,90.910,Yes,0.766,Yes,6,Yes,-18.13,-164.01,1.12,2.90,0.00,NONE,Yes,No,0.18,face_yolo_mediapipe,10.3,33.8,True_Positive,
511,91.086,Yes,0.751,Yes,6,Yes,-19.53,-166.98,1.40,2.90,0.00,NONE,Yes,No,0.35,face_yolo_mediapipe,10.2,35.3,True_Positive,
512,91.261,Yes,0.775,Yes,6,Yes,-17.40,-166.21,1.55,2.84,0.00,NONE,Yes,No,0.53,face_yolo_mediapipe,10.2,34.6,True_Positive,
513,91.441,Yes,0.770,Yes,6,Yes,-19.96,-168.01,1.69,2.84,0.00,NONE,Yes,No,0.70,face_yolo_mediapipe,9.8,34.8,True_Positive,
514,91.618,Yes,0.753,Yes,6,Yes,-18.43,-167.61,2.60,2.84,0.00,NONE,Yes,No,0.88,face_yolo_mediapipe,10.0,35.6,True_Positive,
515,91.794,Yes,0.751,Yes,6,Yes,-18.71,-162.62,1.20,2.84,0.00,NONE,Yes,No,1.06,face_yolo_mediapipe,10.1,35.8,True_Positive,
516,91.965,Yes,0.736,Yes,6,Yes,-21.73,-162.86,0.38,2.93,0.00,NONE,No,No,0.00,face_yolo_mediapipe,10.9,36.1,True_Positive,
517,92.142,Yes,0.757,Yes,6,Yes,-21.71,-164.36,-0.02,2.84,0.00,NONE,No,No,0.00,face_yolo_mediapipe,10.0,35.7,True_Positive,
518,92.316,Yes,0.750,Yes,6,Yes,-19.45,-163.69,-0.07,2.76,0.00,NONE,Yes,No,0.00,face_yolo_mediapipe,10.2,34.3,True_Positive,
519,92.492,Yes,0.751,Yes,6,Yes,-19.97,-162.26,-1.19,2.78,0.00,NONE,Yes,No,0.17,face_yolo_mediapipe,10.2,35.1,True_Positive,
520,92.669,Yes,0.768,Yes,6,Yes,-16.84,-162.69,-0.77,2.67,0.00,NONE,Yes,No,0.35,face_yolo_mediapipe,10.3,36.8,True_Positive,
521,92.846,Yes,0.792,Yes,6,Yes,-16.11,-162.25,-1.38,2.65,0.00,NONE,Yes,No,0.53,face_yolo_mediapipe,10.0,34.7,True_Positive,
522,93.022,Yes,0.804,Yes,6,Yes,-14.27,-161.03,-1.87,2.62,0.00,NONE,Yes,No,0.70,face_yolo_mediapipe,10.1,35.5,True_Positive,
523,93.199,Yes,0.807,Yes,6,Yes,-15.38,-160.16,-2.25,2.57,0.00,NONE,Yes,No,0.88,face_yolo_mediapipe,10.2,35.5,True_Positive,
524,93.373,Yes,0.806,Yes,6,Yes,-13.98,-160.19,-1.40,2.57,0.00,NONE,Yes,No,1.06,face_yolo_mediapipe,10.3,34.6,True_Positive,
525,93.551,Yes,0.800,Yes,6,Yes,-12.70,-160.98,-1.21,2.52,0.00,NONE,Yes,No,1.23,face_yolo_mediapipe,10.0,36.2,True_Positive,
526,93.724,Yes,0.805,Yes,6,Yes,-12.01,-158.76,-1.34,2.50,0.00,NONE,Yes,No,1.41,face_yolo_mediapipe,10.3,33.1,True_Positive,
527,93.901,Yes,0.818,Yes,6,Yes,-13.77,-160.24,-1.35,2.48,0.00,NONE,Yes,No,1.58,face_yolo_mediapipe,10.2,36.8,True_Positive,
528,94.070,Yes,0.770,Yes,6,Yes,-13.92,-160.45,-2.47,2.43,0.00,NONE,Yes,No,1.76,face_yolo_mediapipe,10.8,34.7,True_Positive,
529,94.247,Yes,0.779,Yes,6,Yes,-12.26,-161.91,-1.34,2.41,0.00,NONE,Yes,No,1.93,face_yolo_mediapipe,9.9,34.7,True_Positive,
530,94.424,Yes,0.761,Yes,6,Yes,-12.34,-159.74,-1.91,2.37,0.00,NONE,Yes,No,2.11,face_yolo_mediapipe,10.1,35.9,True_Positive,
531,94.601,Yes,0.810,Yes,6,Yes,-13.77,-159.35,-2.74,2.35,0.00,NONE,Yes,No,2.28,face_yolo_mediapipe,10.0,35.9,True_Positive,
532,94.774,Yes,0.754,Yes,6,Yes,-11.46,-159.28,-2.19,2.29,0.00,NONE,Yes,No,2.46,face_yolo_mediapipe,10.2,33.3,True_Positive,
533,94.951,Yes,0.788,Yes,6,Yes,-10.57,-158.42,-1.79,2.27,0.00,NONE,Yes,No,2.63,face_yolo_mediapipe,9.9,33.6,True_Positive,
534,95.125,Yes,0.780,Yes,6,Yes,-12.36,-160.92,-3.62,2.21,0.00,NONE,Yes,No,2.81,face_yolo_mediapipe,10.1,34.3,True_Positive,
535,95.302,Yes,0.804,Yes,6,Yes,-4.68,-157.76,-1.17,2.16,0.00,NONE,Yes,No,2.98,face_yolo_mediapipe,10.0,34.7,True_Positive,
536,95.480,Yes,0.771,Yes,6,Yes,-7.27,-156.43,-2.71,2.13,0.00,NONE,Yes,Yes,3.16,face_yolo_mediapipe,10.0,35.0,True_Positive,
537,95.658,Yes,0.766,Yes,6,Yes,-2.79,-158.00,-1.66,2.03,0.00,NONE,Yes,Yes,3.34,face_yolo_mediapipe,9.9,35.0,True_Positive,
538,95.838,Yes,0.761,Yes,6,Yes,0.16,-153.30,0.91,2.01,0.00,NONE,Yes,Yes,3.52,face_yolo_mediapipe,10.0,36.4,True_Positive,
539,96.017,Yes,0.774,Yes,6,Yes,-4.71,-154.89,-2.05,1.97,0.00,NONE,Yes,Yes,3.70,face_yolo_mediapipe,10.0,35.9,True_Positive,
540,96.189,Yes,0.763,Yes,6,Yes,-5.53,-154.97,-2.36,1.94,0.00,NONE,Yes,Yes,3.88,face_yolo_mediapipe,10.7,35.7,True_Positive,
541,96.372,Yes,0.779,Yes,6,Yes,-6.04,-153.14,-3.11,1.94,0.00,NONE,Yes,Yes,4.05,face_yolo_mediapipe,9.7,37.0,True_Positive,
542,96.549,Yes,0.783,Yes,6,Yes,-7.14,-153.24,-3.69,1.90,0.00,NONE,Yes,Yes,4.23,face_yolo_mediapipe,10.0,34.2,True_Positive,
543,96.727,Yes,0.804,Yes,6,Yes,-5.37,-154.54,-2.86,1.88,0.00,NONE,Yes,Yes,4.41,face_yolo_mediapipe,10.0,35.9,True_Positive,
544,96.905,Yes,0.792,Yes,6,Yes,-8.38,-154.66,-4.68,1.85,0.00,NONE,Yes,Yes,4.59,face_yolo_mediapipe,9.9,34.9,True_Positive,
545,97.087,Yes,0.803,Yes,6,Yes,-9.57,-153.35,-5.30,1.82,0.00,NONE,Yes,Yes,4.76,face_yolo_mediapipe,9.7,35.6,True_Positive,
546,97.266,Yes,0.779,Yes,6,Yes,-9.46,-155.53,-4.84,1.81,0.00,NONE,Yes,Yes,4.95,face_yolo_mediapipe,10.0,36.5,True_Positive,
547,97.447,Yes,0.778,Yes,6,Yes,-8.34,-156.03,-4.72,1.76,0.00,NONE,Yes,Yes,5.12,face_yolo_mediapipe,9.9,36.6,True_Positive,
548,97.625,Yes,0.797,Yes,6,Yes,-7.74,-155.06,-3.95,1.79,0.00,NONE,Yes,Yes,5.30,face_yolo_mediapipe,9.8,34.6,True_Positive,
549,97.805,Yes,0.805,Yes,6,Yes,-5.77,-156.04,-2.94,1.78,0.00,NONE,Yes,Yes,5.48,face_yolo_mediapipe,9.8,35.6,True_Positive,
550,97.982,Yes,0.793,Yes,6,Yes,-8.57,-154.49,-4.19,1.76,0.00,NONE,Yes,Yes,5.66,face_yolo_mediapipe,10.0,34.5,True_Positive,
551,98.160,Yes,0.797,Yes,6,Yes,-4.53,-156.48,-2.52,1.76,0.00,NONE,Yes,Yes,5.84,face_yolo_mediapipe,9.9,35.8,True_Positive,
552,98.333,Yes,0.790,Yes,6,Yes,-5.93,-153.96,-2.86,1.76,0.00,NONE,Yes,Yes,6.02,face_yolo_mediapipe,10.5,35.3,True_Positive,
553,98.513,Yes,0.785,Yes,6,Yes,-3.57,-153.95,-2.00,1.75,0.00,NONE,Yes,Yes,6.19,face_yolo_mediapipe,9.8,35.6,True_Positive,
554,98.692,Yes,0.780,Yes,6,Yes,-5.14,-155.06,-3.11,1.75,0.00,NONE,Yes,Yes,6.37,face_yolo_mediapipe,9.9,35.0,True_Positive,
555,98.874,Yes,0.784,Yes,6,Yes,-1.99,-154.54,-1.86,1.75,0.00,NONE,Yes,Yes,6.55,face_yolo_mediapipe,9.8,36.5,True_Positive,
556,99.051,Yes,0.783,Yes,6,Yes,-3.11,-156.79,-2.50,1.71,0.00,NONE,Yes,Yes,6.73,face_yolo_mediapipe,9.8,34.1,True_Positive,
557,99.229,Yes,0.799,Yes,6,Yes,2.07,-156.02,0.48,1.75,0.00,NONE,Yes,Yes,6.91,face_yolo_mediapipe,9.8,34.0,True_Positive,
558,99.405,Yes,0.791,Yes,6,Yes,1.17,-155.66,0.30,1.75,0.00,NONE,Yes,Yes,7.09,face_yolo_mediapipe,10.0,33.1,True_Positive,
559,99.583,Yes,0.781,Yes,6,Yes,0.60,-155.66,0.17,1.76,0.00,NONE,Yes,Yes,7.26,face_yolo_mediapipe,9.9,35.6,True_Positive,
560,99.762,Yes,0.781,Yes,6,Yes,1.67,-157.36,1.22,1.74,0.00,NONE,Yes,Yes,7.44,face_yolo_mediapipe,9.9,35.2,True_Positive,
561,99.941,Yes,0.781,Yes,6,Yes,2.33,-154.40,1.63,1.76,0.00,NONE,Yes,Yes,7.62,face_yolo_mediapipe,9.8,34.5,True_Positive,
562,100.118,Yes,0.765,Yes,6,Yes,0.47,-157.04,0.57,1.74,0.00,NONE,Yes,Yes,7.80,face_yolo_mediapipe,10.0,34.2,True_Positive,
563,100.295,Yes,0.772,Yes,6,Yes,1.68,-156.71,0.97,1.72,0.00,NONE,Yes,Yes,7.98,face_yolo_mediapipe,9.9,33.9,True_Positive,
564,100.469,Yes,0.798,Yes,6,Yes,1.46,-157.04,1.37,1.73,0.00,NONE,Yes,Yes,8.15,face_yolo_mediapipe,10.5,35.6,True_Positive,
565,100.650,Yes,0.790,Yes,6,Yes,-3.88,-158.62,-1.16,1.70,0.00,NONE,Yes,Yes,8.33,face_yolo_mediapipe,9.7,35.7,True_Positive,
566,100.827,Yes,0.777,Yes,6,Yes,2.43,-155.81,2.27,1.72,0.00,NONE,Yes,Yes,8.51,face_yolo_mediapipe,10.0,34.4,True_Positive,
567,101.007,Yes,0.794,Yes,6,Yes,2.45,-155.09,1.85,1.73,0.00,NONE,Yes,Yes,8.69,face_yolo_mediapipe,9.9,35.7,True_Positive,
568,101.184,Yes,0.794,Yes,6,Yes,3.35,-155.28,2.96,1.71,0.00,NONE,Yes,Yes,8.87,face_yolo_mediapipe,10.0,35.1,True_Positive,
569,101.367,Yes,0.778,Yes,6,Yes,3.41,-154.94,2.56,1.70,0.00,NONE,Yes,Yes,9.04,face_yolo_mediapipe,9.5,35.3,True_Positive,
570,101.548,Yes,0.773,Yes,6,Yes,3.99,-155.19,3.22,1.72,0.00,NONE,Yes,Yes,9.23,face_yolo_mediapipe,9.7,36.1,True_Positive,
571,101.728,Yes,0.766,Yes,6,Yes,-2.47,-155.52,0.30,1.69,0.00,NONE,Yes,Yes,9.41,face_yolo_mediapipe,9.9,36.3,True_Positive,
572,101.908,Yes,0.765,Yes,6,Yes,0.75,-155.24,2.21,1.68,0.00,NONE,Yes,Yes,9.59,face_yolo_mediapipe,9.9,36.9,True_Positive,
573,102.091,Yes,0.741,Yes,6,Yes,-0.31,-154.47,1.61,1.70,0.00,NONE,Yes,Yes,9.77,face_yolo_mediapipe,9.6,36.3,True_Positive,
574,102.269,Yes,0.733,Yes,6,Yes,0.52,-153.61,1.97,1.67,0.00,NONE,Yes,Yes,9.95,face_yolo_mediapipe,9.9,34.7,True_Positive,
575,102.448,Yes,0.733,Yes,6,Yes,-1.60,-153.74,0.90,1.68,0.00,NONE,Yes,Yes,10.13,face_yolo_mediapipe,9.9,34.8,True_Positive,
576,102.621,Yes,0.740,Yes,6,Yes,-2.36,-154.40,1.53,1.67,0.00,NONE,Yes,Yes,10.31,face_yolo_mediapipe,10.5,34.7,True_Positive,
577,102.802,Yes,0.740,Yes,6,Yes,1.86,-152.92,3.62,1.65,0.00,NONE,Yes,Yes,10.48,face_yolo_mediapipe,9.7,35.8,True_Positive,
578,102.983,Yes,0.738,Yes,6,Yes,0.34,-152.48,2.99,1.64,0.00,NONE,Yes,Yes,10.66,face_yolo_mediapipe,9.8,35.5,True_Positive,
579,103.161,Yes,0.741,Yes,6,Yes,-3.08,-152.14,1.17,1.65,0.00,NONE,Yes,Yes,10.84,face_yolo_mediapipe,9.9,36.1,True_Positive,
580,103.339,Yes,0.736,Yes,6,Yes,-4.50,-153.40,0.57,1.64,0.00,NONE,Yes,Yes,11.02,face_yolo_mediapipe,9.9,34.3,True_Positive,
581,103.522,Yes,0.743,Yes,6,Yes,-3.76,-151.95,0.84,1.63,0.00,NONE,Yes,Yes,11.20,face_yolo_mediapipe,9.6,35.5,True_Positive,
582,103.698,Yes,0.717,Yes,6,Yes,-2.60,-152.00,2.02,1.63,0.00,NONE,Yes,Yes,11.38,face_yolo_mediapipe,10.0,34.7,True_Positive,
583,103.880,Yes,0.723,Yes,6,Yes,-1.67,-151.79,2.52,1.62,0.00,NONE,Yes,Yes,11.56,face_yolo_mediapipe,9.8,37.3,True_Positive,
584,104.058,Yes,0.700,Yes,6,Yes,-3.26,-151.66,2.11,1.63,0.00,NONE,Yes,Yes,11.74,face_yolo_mediapipe,9.8,34.3,True_Positive,
585,104.239,Yes,0.721,Yes,6,Yes,-6.06,-153.76,0.62,1.62,0.00,NONE,Yes,Yes,11.92,face_yolo_mediapipe,9.7,34.9,True_Positive,
586,104.418,Yes,0.680,Yes,6,Yes,-4.36,-152.17,1.34,1.61,0.00,NONE,Yes,Yes,12.10,face_yolo_mediapipe,9.8,34.7,True_Positive,
587,104.598,Yes,0.702,Yes,6,Yes,-3.55,-150.46,2.29,1.60,0.00,NONE,Yes,Yes,12.28,face_yolo_mediapipe,9.7,35.1,True_Positive,
588,104.771,Yes,0.697,Yes,6,Yes,-6.67,-152.83,0.76,1.60,0.00,NONE,Yes,Yes,12.46,face_yolo_mediapipe,10.5,35.2,True_Positive,
589,104.954,Yes,0.677,Yes,6,Yes,-4.26,-151.11,1.76,1.58,0.00,NONE,Yes,Yes,12.63,face_yolo_mediapipe,9.7,37.2,True_Positive,
590,105.132,Yes,0.648,Yes,6,Yes,-4.89,-150.91,1.19,1.58,0.00,NONE,Yes,Yes,12.81,face_yolo_mediapipe,9.9,34.1,True_Positive,
591,105.311,Yes,0.664,Yes,6,Yes,-4.63,-152.09,0.79,1.57,0.00,NONE,Yes,Yes,12.99,face_yolo_mediapipe,9.8,34.2,True_Positive,
592,105.490,Yes,0.673,Yes,6,Yes,-6.12,-151.97,0.02,1.57,0.00,NONE,Yes,Yes,13.17,face_yolo_mediapipe,9.7,34.4,True_Positive,
593,105.672,Yes,0.690,Yes,6,Yes,-5.59,-152.07,-0.37,1.56,0.00,NONE,Yes,Yes,13.35,face_yolo_mediapipe,9.7,36.5,True_Positive,
594,105.851,Yes,0.696,Yes,6,Yes,-3.69,-151.58,0.71,1.54,0.00,NONE,Yes,Yes,13.53,face_yolo_mediapipe,9.8,34.9,True_Positive,
595,106.033,Yes,0.700,Yes,6,Yes,-3.81,-151.48,0.24,1.53,0.00,NONE,Yes,Yes,13.71,face_yolo_mediapipe,9.7,36.1,True_Positive,
596,106.213,Yes,0.671,Yes,6,Yes,-4.46,-151.88,0.05,1.53,0.00,NONE,Yes,Yes,13.89,face_yolo_mediapipe,9.8,35.9,True_Positive,
597,106.396,Yes,0.721,Yes,6,Yes,-7.19,-153.85,-2.01,1.52,0.00,NONE,Yes,Yes,14.07,face_yolo_mediapipe,9.5,34.5,True_Positive,
598,106.573,Yes,0.712,Yes,6,Yes,-3.46,-151.41,0.04,1.48,0.00,NONE,Yes,Yes,14.25,face_yolo_mediapipe,9.9,34.4,True_Positive,
599,106.754,Yes,0.726,Yes,6,Yes,-4.49,-150.13,-0.70,1.47,0.00,NONE,Yes,Yes,14.43,face_yolo_mediapipe,9.7,35.8,True_Positive,
600,106.927,Yes,0.727,Yes,6,Yes,-2.44,-150.58,0.40,1.45,0.00,NONE,Yes,Yes,14.61,face_yolo_mediapipe,10.5,35.4,True_Positive,
601,107.109,Yes,0.719,Yes,6,Yes,-4.50,-149.34,-1.43,1.42,0.00,NONE,Yes,Yes,14.79,face_yolo_mediapipe,9.6,35.0,True_Positive,
602,107.290,Yes,0.680,Yes,6,Yes,-9.01,-155.13,-3.24,1.41,0.00,NONE,Yes,Yes,14.97,face_yolo_mediapipe,9.7,36.0,True_Positive,
603,107.469,Yes,0.730,Yes,6,Yes,-2.06,-152.09,0.24,1.35,0.00,NONE,Yes,Yes,15.15,face_yolo_mediapipe,9.7,34.4,True_Positive,
604,107.649,Yes,0.698,Yes,6,Yes,-7.59,-153.43,-3.05,1.34,0.00,NONE,Yes,Yes,15.33,face_yolo_mediapipe,9.7,34.8,True_Positive,
605,107.832,Yes,0.704,Yes,6,Yes,-6.12,-148.34,-3.04,1.32,0.00,NONE,Yes,Yes,15.51,face_yolo_mediapipe,9.5,35.7,True_Positive,
606,108.012,Yes,0.677,Yes,6,Yes,-4.06,-149.63,-2.19,1.24,0.00,NONE,Yes,Yes,15.69,face_yolo_mediapipe,9.6,34.0,True_Positive,
607,108.193,Yes,0.735,Yes,6,Yes,-5.63,-146.65,-3.00,1.22,0.00,NONE,Yes,Yes,15.87,face_yolo_mediapipe,9.4,34.0,True_Positive,
608,108.373,Yes,0.685,Yes,6,Yes,-4.96,-150.47,-2.97,1.14,0.00,NONE,Yes,Yes,16.05,face_yolo_mediapipe,9.5,33.3,True_Positive,
609,108.556,Yes,0.691,Yes,6,Yes,-4.59,-147.98,-2.80,1.12,0.00,NONE,Yes,Yes,16.23,face_yolo_mediapipe,9.3,34.1,True_Positive,
610,108.739,Yes,0.655,Yes,6,Yes,-3.76,-148.20,-1.39,1.07,0.00,NONE,Yes,Yes,16.41,face_yolo_mediapipe,9.4,35.2,True_Positive,
611,108.926,Yes,0.758,Yes,6,Yes,-5.38,-150.57,-3.02,1.06,0.00,NONE,Yes,Yes,16.60,face_yolo_mediapipe,9.3,37.5,True_Positive,
612,109.100,Yes,0.751,Yes,6,Yes,-5.51,-148.31,-3.03,1.00,0.00,NONE,Yes,Yes,16.78,face_yolo_mediapipe,10.2,34.8,True_Positive,
613,109.284,Yes,0.783,Yes,6,Yes,-5.43,-142.44,-3.18,0.89,0.00,NONE,Yes,Yes,16.96,face_yolo_mediapipe,9.3,34.9,True_Positive,
614,109.467,Yes,0.755,Yes,6,Yes,-0.65,-163.94,-0.98,0.92,0.00,NONE,Yes,Yes,17.14,face_yolo_mediapipe,9.3,33.9,True_Positive,
615,109.651,Yes,0.749,Yes,6,Yes,0.80,-172.59,5.25,0.99,0.00,NONE,Yes,Yes,17.32,face_yolo_mediapipe,9.2,34.4,True_Positive,
616,109.835,Yes,0.777,Yes,6,Yes,-3.71,178.88,2.36,1.20,0.00,NONE,Yes,Yes,17.51,face_yolo_mediapipe,9.2,34.0,True_Positive,
617,110.022,Yes,0.729,Yes,6,Yes,-0.00,-84.61,0.75,1.15,0.00,NONE,Yes,Yes,17.69,face_yolo_mediapipe,9.0,34.8,True_Positive,
618,110.198,Yes,0.739,Yes,6,Yes,11.02,-88.66,5.87,1.32,0.00,NONE,Yes,Yes,17.88,face_yolo_mediapipe,10.1,35.1,False_Negative,
619,110.385,Yes,0.731,Yes,6,Yes,5.05,-90.34,2.58,1.29,0.00,NONE,Yes,Yes,18.06,face_yolo_mediapipe,9.1,35.8,True_Positive,
620,110.583,Yes,0.624,Yes,6,Yes,-0.29,74.38,-179.78,1.26,0.00,NONE,Yes,Yes,18.24,face_yolo_geometric,9.1,46.0,True_Positive,
621,110.878,Yes,0.917,Yes,6,Yes,0.89,151.97,179.71,0.36,0.00,NONE,Yes,Yes,18.44,person_box_geometric,9.9,152.1,False_Negative,
622,111.182,Yes,0.000,Yes,6,Yes,8.68,175.22,-153.83,1.02,0.00,NONE,Yes,Yes,18.73,person_box_mediapipe,9.0,152.3,True_Positive,
623,111.478,Yes,0.910,Yes,6,Yes,0.20,151.21,-180.00,0.35,0.00,NONE,Yes,Yes,19.04,person_box_geometric,9.8,152.5,False_Positive,
624,111.776,Yes,0.913,Yes,6,Yes,0.14,150.48,179.95,0.35,0.00,NONE,Yes,Yes,19.34,person_box_geometric,9.8,155.0,True_Positive,
625,112.073,Yes,0.909,Yes,6,Yes,-0.39,150.24,-179.82,0.34,0.00,NONE,Yes,Yes,19.63,person_box_geometric,9.8,153.2,False_Positive,
626,112.271,Yes,0.509,Yes,6,Yes,-0.89,67.32,-179.35,1.14,0.00,NONE,Yes,Yes,19.93,face_yolo_geometric,8.9,43.7,True_Positive,
627,112.461,Yes,0.557,Yes,6,Yes,-1.01,69.77,-179.26,1.14,0.00,NONE,Yes,Yes,20.13,face_yolo_geometric,9.7,45.3,False_Positive,
628,112.658,Yes,0.631,Yes,6,Yes,-1.09,74.04,-179.25,1.10,0.00,NONE,Yes,Yes,20.32,face_yolo_geometric,9.1,45.3,True_Positive,
629,112.836,Yes,0.692,Yes,6,Yes,5.56,170.06,169.34,1.49,0.00,NONE,Yes,Yes,20.52,face_yolo_mediapipe,9.8,35.1,False_Positive,
630,113.022,Yes,0.716,Yes,6,Yes,7.62,-104.37,-0.08,1.15,0.00,NONE,Yes,Yes,20.69,face_yolo_mediapipe,9.1,34.3,True_Positive,
631,113.196,Yes,0.669,Yes,6,Yes,5.69,-105.64,0.22,1.08,0.00,NONE,Yes,Yes,20.88,face_yolo_mediapipe,10.1,34.5,False_Positive,
632,113.380,Yes,0.703,Yes,6,Yes,4.73,-104.16,3.20,0.99,0.00,NONE,Yes,Yes,21.05,face_yolo_mediapipe,9.2,33.5,True_Positive,
633,113.558,Yes,0.735,Yes,6,Yes,5.48,-141.60,3.91,0.94,0.00,NONE,Yes,Yes,21.24,face_yolo_mediapipe,9.8,34.1,False_Negative,
634,113.744,Yes,0.707,Yes,6,Yes,2.71,-110.29,3.30,0.97,0.00,NONE,Yes,Yes,21.41,face_yolo_mediapipe,9.1,34.2,True_Positive,
635,113.930,Yes,0.688,Yes,6,Yes,-2.42,-154.68,-0.72,0.84,0.00,NONE,Yes,Yes,21.60,face_yolo_mediapipe,9.2,35.8,True_Positive,

=== SUMMARY STATISTICS ===
Total Frames,636
Total Time (sec),113.93
Average FPS,5.58

=== CONFUSION MATRIX ===
True Positives (TP),608,95.6%
False Positives (FP),17,2.7%
False Negatives (FN),11,1.7%
True Negatives (TN),0,0.0%

=== PERFORMANCE METRICS ===
Accuracy,95.60%,(TP+TN)/(TP+FP+FN+TN)
Precision,97.28%,TP/(TP+FP)
Recall/Sensitivity,98.22%,TP/(TP+FN)
